"Sir Speedy Print Signs Marketing", "clothing_store,store,point_of_interest,establishment","Pleasantville","New York","467 Bedford Road, Pleasantville","+1 914-769-2020","http://www.sirspeedy.com/pleasantville","ChIJ5QWq-uK-wokRZnLwp1nZ3XY"
"Marlo Graphics Inc.", "clothing_store,store,point_of_interest,establishment","Riverhead","New York","391 Riverleigh Avenue, Riverhead","+1 631-727-0330","http://marlographics.com/#home","ChIJyWGfE9X06IkRa3-Es8FsSPk"
"Staples Print & Marketing Services", "store,point_of_interest,establishment","Riverhead","New York","1087 County Road 58, Riverhead","+1 631-655-0064","https://printingservices.staples.com/us/ny/riverhead/1087-route-58?cmpid=st_ll_goo&cid=LS:RETAIL:G","ChIJAbOfWsOK6IkRqahn2hdM8UM"
"Staples", "electronics_store,furniture_store,home_goods_store,store,point_of_interest,establishment","Riverhead","New York","1087 County Road 58, Riverhead","+1 631-369-9370","http://storelocator.staples.com/stores/en_US/NY/Riverhead/1576?cmpid=st_ll_goo&cid=LS:RETAIL:G","ChIJG8caRMOK6IkRZW3XazYqVFo"
"Bolduc's Apparel", "clothing_store,store,point_of_interest,establishment","Agawam","Massachusetts","700 Silver Street, Agawam","+1 413-786-9960","http://www.bolducs.com/","ChIJA76NRrfj5okRpm4_WNb2Vio"
"Cheap Tees Screen Printing", "clothing_store,store,point_of_interest,establishment","Springfield","Massachusetts","143 Main Street, Springfield","+1 413-888-2566","http://www.cheaptees.org/","ChIJvb17xb3A5okRaUijSiMODA8"
"Sir Speedy - Print / Signs / Copy", "store,point_of_interest,establishment","Springfield","Massachusetts","1441 Main Street, TD Bank Center, Springfield","+1 413-733-6691","http://www.sirspeedy.com/springfieldma","ChIJFYc2keDm5okR4enMGMXyzvo"
"Soundscape Merchandise", "clothing_store,store,point_of_interest,establishment","Amherst","Massachusetts","37 East Pleasant Street, Amherst","+1 413-253-0987","http://www.soundscapemerchandise.com/","ChIJlWKnLfbN5okRLMeqxFwkgAM"
"Sunraise Printing", "clothing_store,store,point_of_interest,establishment","Hadley","Massachusetts","322 Russell Street, Hadley","+1 413-586-7133","http://www.sunraiseprinting.com/","ChIJGUHTH5rR5okRG9W8tQQi6Bc"
"Staples Print & Marketing Services", "store,point_of_interest,establishment","Hadley","Massachusetts","125 Westgate Center Drive, Hadley","+1 413-345-7017","https://printingservices.staples.com/us/ma/hadley/125-westgate-center-drive?cmpid=st_ll_goo&cid=LS:RETAIL:G","ChIJRRIpR_PR5okRFODagROzJg0"
"Staples", "electronics_store,furniture_store,home_goods_store,store,point_of_interest,establishment","Hadley","Massachusetts","125 Westgate Center Drive, Hadley","+1 413-253-2599","http://storelocator.staples.com/stores/en_US/MA/Hadley/0277?cmpid=st_ll_goo&cid=LS:RETAIL:G","ChIJPbDgZ_PR5okRvMCBco_Yf4o"
"Amherst Copy & Designworks", "store,point_of_interest,establishment","Amherst","Massachusetts","37 East Pleasant Street, Amherst","+1 413-549-2854","https://amherstcopy.com/","ChIJV3pDcfXN5okRaHA-EO7IfU4"
"Eastern Advertising Novelty powered by Proforma", "store,point_of_interest,establishment","Palmer","Massachusetts","21 Wilbraham Street, Palmer","+1 413-543-9966","http://proforma.com/ean/","ChIJk9KfQu_C5okRGKSoQbjxq1w"
"Staples Print & Marketing Services", "store,point_of_interest,establishment","West Springfield","Massachusetts","1129 Riverdale Street, West Springfield","+1 413-504-1433","https://printingservices.staples.com/us/ma/west-springfield/1129-riverdale-road?cmpid=st_ll_goo&cid=LS:RETAIL:G","ChIJp6rssLbg5okROXML20sPSAg"
"Staples", "electronics_store,furniture_store,home_goods_store,store,point_of_interest,establishment","Chicopee","Massachusetts","591 Memorial Drive, Chicopee","+1 413-593-8812","http://storelocator.staples.com/stores/en_US/MA/Chicopee/1274?cmpid=st_ll_goo&cid=LS:RETAIL:G","ChIJ_e1kzK7d5okRmhmQVBYzSKA"
"Staples", "electronics_store,furniture_store,home_goods_store,store,point_of_interest,establishment","West Springfield","Massachusetts","1129 Riverdale Street, West Springfield","+1 413-739-0026","http://storelocator.staples.com/stores/en_US/MA/West-Springfield/0006?cmpid=st_ll_goo&cid=LS:RETAIL:G","ChIJmXRIt7bg5okRqPjL6Ywk7AM"
"Chuck's Sign Co", "store,point_of_interest,establishment","Chicopee","Massachusetts","658 Fuller Road, Chicopee","+1 413-592-3710","http://www.chuckssign.com/","ChIJvXAjJp7d5okRYR28uTZcsdg"
"Signarama Springfield", "home_goods_store,store,point_of_interest,establishment","Springfield","Massachusetts","784 Page Boulevard, Springfield","+1 413-731-9213","http://www.signarama.com/ma-springfield-west","ChIJMehiEafg5okRboW96LJEr_s"
"Jos. A. Bank", "shoe_store,clothing_store,store,point_of_interest,establishment","Longmeadow","Massachusetts","724 Bliss Road, Longmeadow","+1 413-565-5040","http://www.josbank.com/store-locator?utm_source=google&utm_medium=listing&utm_content=772&utm_campaign=MA","ChIJwWM1u9Dl5okRiclkT7xOK8A"
"Staples Print & Marketing Services", "store,point_of_interest,establishment","East Longmeadow","Massachusetts","433 North Main Street, East Longmeadow","+1 413-486-6042","https://printingservices.staples.com/us/ma/east-longmeadow/433-north-main-st?cmpid=st_ll_goo&cid=LS:RETAIL:G","ChIJRWhhxCPm5okRquM31QxWTTk"
"Staples", "electronics_store,furniture_store,home_goods_store,store,point_of_interest,establishment","East Longmeadow","Massachusetts","433 North Main Street, East Longmeadow","+1 413-525-4925","http://storelocator.staples.com/stores/en_US/MA/East-Longmeadow/1540?cmpid=st_ll_goo&cid=LS:RETAIL:G","ChIJI1eMOSLm5okRbaGoM5dJhC4"
"Staples Print & Marketing Services", "store,point_of_interest,establishment","Westfield","Massachusetts","273 Main Street, Westfield","+1 413-579-0006","https://printingservices.staples.com/us/ma/westfield/273-b-east-main-st-?cmpid=st_ll_goo&cid=LS:RETAIL:G","ChIJlfsVyT4e54kRIOqk3AUlrFI"
"Staples", "electronics_store,furniture_store,home_goods_store,store,point_of_interest,establishment","Westfield","MA","273 B East Main St., Westfield","+1 413-564-8104","http://storelocator.staples.com/stores/en_US/MA/Westfield/1217?cmpid=st_ll_goo&cid=LS:RETAIL:G","ChIJp2og3Tse54kR5IajkwVuCBQ"
"One Way Screen Printing", "clothing_store,store,point_of_interest,establishment","Hadley","Massachusetts","East Street Studios, 47 East Street #2, Hadley","+1 413-584-0091","http://www.onewayscreenprinting.com/","ChIJ-XGq-BDR5okRkCsO6tk41n0"
"Staples Print & Marketing Services", "store,point_of_interest,establishment","Northampton","Massachusetts","122 North King Street, Northampton","+1 413-588-0058","https://printingservices.staples.com/us/ma/northampton/122-north-king-st?cmpid=st_ll_goo&cid=LS:RETAIL:G","ChIJ3-YGzx7X5okREunDV2zzF18"
"Staples", "electronics_store,furniture_store,home_goods_store,store,point_of_interest,establishment","Northampton","Massachusetts","122 North King Street, Northampton","+1 413-582-9680","http://storelocator.staples.com/stores/en_US/MA/Northampton/1812?cmpid=st_ll_goo&cid=LS:RETAIL:G","ChIJryo-Cx_X5okRNXZEC8idRNU"
"EmbroidMe", "clothing_store,store,point_of_interest,establishment","Holyoke","Massachusetts","98 Lower Westfield Road, Holyoke","+1 413-650-0823","http://embroidme.com/locations/holyoke-ma","ChIJI1FSM0De5okR8xRFyZnXwbo"
"Staples Print & Marketing Services", "store,point_of_interest,establishment","Springfield","Massachusetts","1690 Boston Post Road, Springfield","+1 413-504-1428","https://printingservices.staples.com/us/ma/e.-springfield/1690-boston-post-rd?cmpid=st_ll_goo&cid=LS:RETAIL:G","ChIJrUYFAJPC5okRA4CVxef6TBo"
"Staples", "electronics_store,furniture_store,home_goods_store,store,point_of_interest,establishment","Springfield","Massachusetts","1690 Boston Post Road, Springfield","+1 413-543-0000","http://storelocator.staples.com/stores/en_US/MA/E--Springfield/0439?cmpid=st_ll_goo&cid=LS:RETAIL:G","ChIJJ3oAaJLC5okR9TrU3kddIRI"
"Lil' Dogs Screen Printing & Embroidery", "clothing_store,store,point_of_interest,establishment","Ludlow","Massachusetts","386 East Street, Ludlow","+1 413-583-3435","http://www.lildogs.com/","ChIJ7bIPwlXC5okRuvA-g5Yjzog"
"Mantis Graphics", "store,point_of_interest,establishment","Easthampton","Massachusetts","1 Adams Street, Easthampton","+1 413-527-8716","http://www.mantisgraphics.com/","ChIJj98kOPzY5okRyxxEf2xiO5M"
"GG Inks", "store,point_of_interest,establishment","South Hadley","Massachusetts","785 New Ludlow Road, South Hadley","+1 413-315-4344","http://www.gginks.com/","ChIJL2hf6mPb5okRh-J0nO3iHbY"
"Jones Trophies", "clothing_store,store,point_of_interest,establishment","Pittsfield","Massachusetts","7 Melville Street, Pittsfield","+1 413-443-2543","http://jonestrophies.espwebsite.com/","ChIJqXexmUBO54kRd16n2Tdo_W0"
"Staples Print & Marketing Services", "store,point_of_interest,establishment","Pittsfield","Massachusetts","555 Hubbard Avenue, Pittsfield","+1 413-449-0016","https://printingservices.staples.com/us/ma/pittsfield/555-hubbard-avenue?cmpid=st_ll_goo&cid=LS:RETAIL:G","ChIJyQMypKdO54kRLjz0YNwg2LY"
"Staples", "electronics_store,furniture_store,home_goods_store,store,point_of_interest,establishment","Pittsfield","Massachusetts","555 Hubbard Avenue, Pittsfield","+1 413-496-9042","http://storelocator.staples.com/stores/en_US/MA/Pittsfield/0296?cmpid=st_ll_goo&cid=LS:RETAIL:G","ChIJ0akRKadO54kRqjTo21A4Nwg"
"Peace Train Tees", "clothing_store,store,point_of_interest,establishment","Lanesborough","Massachusetts","655 Cheshire Road, Lanesborough","+1 413-499-1890","http://www.peacetraintees.com/","ChIJk0wLHmtM54kRz3WrNZZpoac"
"W J Blueprint & Digital Graphics", "store,point_of_interest,establishment","Pittsfield","Massachusetts","167 West Housatonic Street, Pittsfield","+1 413-442-3320","http://www.wjblueprint.com/","ChIJxzXMOjJO54kRv4AFRXVx3NI"
"Staples Print & Marketing Services", "store,point_of_interest,establishment","Great Barrington","Massachusetts","740 South Main Street #1, Great Barrington","+1 413-429-0963","https://printingservices.staples.com/us/ma/great-barrington/740-main-st?cmpid=st_ll_goo&cid=LS:RETAIL:G","ChIJtaZCSwFk54kR2usf8_W_E3A"
"Under Armour Factory House", "clothing_store,shoe_store,store,point_of_interest,establishment","Lee","Massachusetts","320 Premium Outlets Blvd, Lee","+1 413-243-8191","http://store-locations.underarmour.com/ma/lee/29/?utm_source=Google&utm_medium=Maps&utm_campaign=Google+Places","ChIJ2Rg3CAxD54kRW8ITGkTbsDk"
"Levi's Outlet Store at Lee Premium Outlets", "clothing_store,store,point_of_interest,establishment","Lee","Massachusetts","630 Premium Outlet Boulevard, Lee","+1 413-243-9053","http://locations.levi.com/ma/lee/denim_lee_ma_241.html","ChIJD86gRAlD54kRMhVxPOOCU7U"
"Silver Screen Design", "clothing_store,store,point_of_interest,establishment","Greenfield","Massachusetts","324 Wells Street, Greenfield","+1 413-773-1692","http://www.silverscreendesign.com/","ChIJuxgWj1Yv4YkR_gAZ2joiapc"
"Staples Print & Marketing Services", "store,point_of_interest,establishment","Greenfield","Massachusetts","259 Mohawk Trail, Greenfield","+1 413-325-0017","https://printingservices.staples.com/us/ma/greenfield/259-mohawk-trail?cmpid=st_ll_goo&cid=LS:RETAIL:G","ChIJ-6KHd8go4YkR_x3qoPVwUKo"
"Staples", "electronics_store,furniture_store,home_goods_store,store,point_of_interest,establishment","Greenfield","Massachusetts","259 Mohawk Trail, Greenfield","+1 413-775-0293","http://storelocator.staples.com/stores/en_US/MA/Greenfield/0874?cmpid=st_ll_goo&cid=LS:RETAIL:G","ChIJkbVI64Mo4YkRXRh-D7N9aMc"
"Patriot Promotional Products Inc.", "clothing_store,store,point_of_interest,establishment","Fitchburg","Massachusetts","80 Franklin Road, Fitchburg","+1 978-400-7864","http://www.patriotpromo.com/","ChIJK9P-xhzk44kRpXEt1R9IWKw"
"Advanced Print Technology Inc", "clothing_store,store,point_of_interest,establishment","Fitchburg","Massachusetts","76 Laurel Street, Fitchburg","+1 978-342-0093","http://www.aptshirts.com/","ChIJ9U7bCVDm44kRvwH4NCPas-E"
"J & S Business Products, Inc. / ValueCalendars.com", "store,point_of_interest,establishment","Ayer","Massachusetts","17 Main Street, Ayer","+1 978-772-2027","http://www.jsbusinessproducts.com/","ChIJ8daQf9nq44kRak8cfehrCJY"
"Sharp Image Screen Printing", "clothing_store,store,point_of_interest,establishment","Gardner","Massachusetts","220 Parker Street, Gardner","+1 978-630-3277","http://www.mysharpimage.com/","ChIJ2zv_PddY4YkRARfXR5nySUU"
"Staples Print & Marketing Services", "store,point_of_interest,establishment","Gardner","Massachusetts","60 Pearson Boulevard, Gardner","+1 978-730-6031","https://printingservices.staples.com/us/ma/gardner/60-pearson-blvd-?cmpid=st_ll_goo&cid=LS:RETAIL:G","ChIJG9-Qj8BY4YkR8crKN2V4B1w"
"Staples", "electronics_store,furniture_store,home_goods_store,store,point_of_interest,establishment","Gardner","Massachusetts","60 Pearson Boulevard, Gardner","+1 978-632-4285","http://storelocator.staples.com/stores/en_US/MA/Gardner/1277?cmpid=st_ll_goo&cid=LS:RETAIL:G","ChIJdUwo4sBY4YkRPO6fDF9sNrc"
"Minuteman Press", "store,point_of_interest,establishment","Fitchburg","Massachusetts","386 Summer Street, Fitchburg","+1 978-345-0818","http://www.minutemanpress.com/","ChIJpaH6VSPm44kRGdFWuDVa0zI"
"Guertin Trophy", "clothing_store,store,point_of_interest,establishment","Auburn","Massachusetts","32 Auburn Street, Auburn","+1 508-832-4001","http://www.guertintrophy.com/","ChIJqwkvWu0E5IkR-yHGRfDpE78"
"Mass Threads T-Shirt Printing & Embroidery", "point_of_interest,establishment","Worcester","Massachusetts","6 Brussels Street #101, Worcester","+1 508-581-7562","http://massthreads.com/","ChIJ_xvOQj4f5IkRHf2lNU2FgLs"
"Staples Print & Marketing Services", "store,point_of_interest,establishment","Auburn","Massachusetts","436 Southbridge Street #2, Auburn","+1 774-633-8049","https://printingservices.staples.com/us/ma/auburn/436-southbridge-street?cmpid=st_ll_goo&cid=LS:RETAIL:G","ChIJVylWx5YE5IkRK4GSBBfdqtc"
"Staples", "electronics_store,furniture_store,home_goods_store,store,point_of_interest,establishment","Auburn","Massachusetts","436 Southbridge Street, Auburn","+1 508-721-9500","http://storelocator.staples.com/stores/en_US/MA/Auburn/0294?cmpid=st_ll_goo&cid=LS:RETAIL:G","ChIJp44nFPME5IkRMmXzCqI6gX4"
"FASTSIGNS", "store,point_of_interest,establishment","Worcester","Massachusetts","120 Stafford Street, Worcester","+1 508-841-5800","http://www.fastsigns.com/2044-worcester-ma?utm_source=google&utm_medium=local&utm_campaign=localmaps&utm_content=2044","ChIJQW8_bRIE5IkR_9j8OxjqIhM"
"Hot Topic", "clothing_store,store,point_of_interest,establishment","Auburn","Massachusetts","385 Southridge Street, Auburn","+1 508-832-6247","http://www.hottopic.com/store-details?StoreID=0333","ChIJDWEwApME5IkRuEqRSdSVG8s"
"Signarama Worcester", "home_goods_store,store,point_of_interest,establishment","Worcester","Massachusetts","545 Southwest Cutoff, Worcester","+1 508-459-9731","http://www.signarama.com/ma-worcester","ChIJSzbUX0gE5IkRUm_M2ipvVxg"
"Charlotte Russe", "shoe_store,jewelry_store,clothing_store,store,point_of_interest,establishment","Auburn","Massachusetts","385 Southbridge Street, Auburn","+1 508-832-3428","http://www.charlotterusse.com/on/demandware.store/Sites-charlotte-russe-Site/default/Stores-Details?StoreID=230","ChIJDWEwApME5IkRhsfcwMFwC3Q"
"OfficeMax", "furniture_store,home_goods_store,store,point_of_interest,establishment","Marlborough","Massachusetts","199 Boston Post Road West, Marlborough","+1 508-480-0062","http://www.officedepot.com/storelocator/ma/marlborough/officemax-6353/?cm_mmc=GMB-_-6353-_-Test-_-NS","ChIJ6Q_TY8P044kRgpsBEX48EJo"
"Charlotte Russe", "shoe_store,jewelry_store,clothing_store,store,point_of_interest,establishment","Marlborough","Massachusetts","601 Donald Lynch Boulevard, Marlborough","+1 508-486-8192","http://www.charlotterusse.com/on/demandware.store/Sites-charlotte-russe-Site/default/Stores-Details?StoreID=752","ChIJR8DZu47044kRug-NIBqO-cc"
"Fracture Media Solutions", "clothing_store,store,point_of_interest,establishment","Woonsocket","Rhode Island","179 Front Street, Woonsocket","+1 401-216-5115","http://www.fracturemedia.com/","ChIJ50aS8H1q5IkRaeD1hL0OzQw"
"Frog Hollow Shop.com Custom Embroidery Promotional Products", "clothing_store,store,point_of_interest,establishment","Shrewsbury","Massachusetts","Main Circle, Shrewsbury","+1 508-942-7997","http://www.froghollowshop.com/","ChIJNbs6M-YJ5IkRcUsrfum4YKI"
"Jos. A. Bank", "shoe_store,clothing_store,store,point_of_interest,establishment","Northborough","Massachusetts","8116 Shops Way, Northborough","+1 508-393-3855","http://www.josbank.com/store-locator?utm_source=google&utm_medium=listing&utm_content=876&utm_campaign=MA","ChIJv5ShyfYJ5IkREsKX7FIA1-Q"
"Staples Print & Marketing Services", "store,point_of_interest,establishment","Worcester","Massachusetts","541B Lincoln Street, Worcester","+1 508-926-1314","https://printingservices.staples.com/us/ma/worcester/541b-lincoln-st?cmpid=st_ll_goo&cid=LS:RETAIL:G","ChIJydisCdsH5IkRCvFxkbennrk"
"Staples", "electronics_store,furniture_store,home_goods_store,store,point_of_interest,establishment","Worcester","Massachusetts","541B Lincoln Street, Worcester","+1 508-852-3771","http://storelocator.staples.com/stores/en_US/MA/Worcester/1218?cmpid=st_ll_goo&cid=LS:RETAIL:G","ChIJ57pmSdsH5IkRerzbLcGli9Q"
"Staples Print & Marketing Services", "store,point_of_interest,establishment","Sturbridge","Massachusetts","120 Charlton Road, Sturbridge","+1 774-304-5015","https://printingservices.staples.com/us/ma/sturbridge/120-charlton-road?cmpid=st_ll_goo&cid=LS:RETAIL:G","ChIJa3wEm-Wj5okRUpnel85Ae5w"
"Staples", "electronics_store,furniture_store,home_goods_store,store,point_of_interest,establishment","Sturbridge","Massachusetts","120 Charlton Road, Sturbridge","+1 508-347-5955","http://storelocator.staples.com/stores/en_US/MA/Sturbridge/1193?cmpid=st_ll_goo&cid=LS:RETAIL:G","ChIJAURPm-Wj5okRELMKHkIY6X8"
"Image Boosters", "clothing_store,store,point_of_interest,establishment","Grafton","Massachusetts","80 Worcester Street #9, North Grafton","+1 508-839-1839","http://www.imageboosters.com/","ChIJgdZTL8cO5IkR2aX0ZKtTBOQ"
"Palomar Printing", "store,point_of_interest,establishment","Worcester","Massachusetts","774 West Boylston Street, Worcester","+1 508-856-7237","http://www.palomarprinting.com/","ChIJqfzQ3YgH5IkRlIzIIP_LR9A"
"Astrella Ink", "clothing_store,store,point_of_interest,establishment","Millbury","Massachusetts","H, 50 Howe Avenue, Millbury","+1 508-865-5028","http://www.astrellaink.com/","ChIJvadTrYYP5IkRWvF5SqhiZ0k"
"Jos. A. Bank", "shoe_store,clothing_store,store,point_of_interest,establishment","Millbury","Massachusetts","70 Worcester-Providence Turnpike #620, Millbury","+1 508-865-0057","http://www.josbank.com/store-locator?utm_source=google&utm_medium=listing&utm_content=491&utm_campaign=MA","ChIJDxMTEXEF5IkR-gewidmmwiM"
"Staples Print & Marketing Services", "store,point_of_interest,establishment","Westborough","Massachusetts","18 Lyman Street, Westborough","+1 508-621-1009","https://printingservices.staples.com/us/ma/westborough/18-lyman-st?cmpid=st_ll_goo&cid=LS:RETAIL:G","ChIJXxkk248K5IkRMRRJAyTDPB0"
"Staples", "electronics_store,furniture_store,home_goods_store,store,point_of_interest,establishment","Westborough","Massachusetts","18 Lyman Street, Westborough","+1 508-870-8761","http://storelocator.staples.com/stores/en_US/MA/Westborough/1216?cmpid=st_ll_goo&cid=LS:RETAIL:G","ChIJrdgExY8K5IkRbOwyaahIglA"
"Staples Print & Marketing Services", "store,point_of_interest,establishment","Shrewsbury","Massachusetts","571 Boston Turnpike, Shrewsbury","+1 508-925-1998","https://printingservices.staples.com/us/ma/shrewsbury/571-boston-turnpike?cmpid=st_ll_goo&cid=LS:RETAIL:G","ChIJiSHN8KwJ5IkRzjQKqM5Pp0I"
"Staples", "electronics_store,furniture_store,home_goods_store,store,point_of_interest,establishment","Shrewsbury","Massachusetts","571 Boston Turnpike, Shrewsbury","+1 508-842-1507","http://storelocator.staples.com/stores/en_US/MA/Shrewsbury/0059?cmpid=st_ll_goo&cid=LS:RETAIL:G","ChIJbeyd6qwJ5IkRTMSNnXYQMRo"
"Think Local Printing", "clothing_store,store,point_of_interest,establishment","Uxbridge","Massachusetts","21 Rivulet Street, Uxbridge","+1 508-779-0948","http://www.thinklocalprinting.com/","ChIJsegcjSwS5IkRbpbJohvlNYE"
"Guertin Graphics", "clothing_store,store,point_of_interest,establishment","Worcester","Massachusetts","134 Southbridge Street, Worcester","+1 508-754-0200","http://www.guertingraphics.com/","ChIJX3ugqmQG5IkRUQt1baCo51o"
"AlphaGraphics Worcester", "store,point_of_interest,establishment","Worcester","Massachusetts","184 Main Street, Worcester","+1 508-793-0956","http://www.alphagraphics.com/centers/worcester-massachusetts-us603/index.html","ChIJYdeudV0G5IkRkAGufhZAe8o"
"Minuteman Press", "store,point_of_interest,establishment","Worcester","Massachusetts","122 Green Street #1, Worcester","+1 508-757-5690","http://www.minutemanpress.com/","ChIJ_V6wqnoG5IkRinZ3jy9WjMo"
"Cocoon Graphix", "clothing_store,store,point_of_interest,establishment","Worcester","Massachusetts","54 Suffolk Street, Worcester","+1 508-756-4124","http://www.cocoongraphix.com/","ChIJM2lGZ0sG5IkRAqy1haJ_U9w"
"Imprint Express Inc.", "clothing_store,store,point_of_interest,establishment","Framingham","Massachusetts","61 Nicholas Road, Framingham","+1 508-788-1722","http://www.imprintexpress.com/","ChIJZSx9V7aI44kRbdiZAunQDsk"
"Staples Print & Marketing Services", "store,point_of_interest,establishment","Framingham","Massachusetts","659 Worcester Road, Framingham","+1 508-416-1316","https://printingservices.staples.com/us/ma/framingham/659-worcester-rd?cmpid=st_ll_goo&cid=LS:RETAIL:G","ChIJa8en7FWI44kRtHlGZMmK6sc"
"Allegra Design Print Marketing", "store,point_of_interest,establishment","Framingham","Massachusetts","49 Park Street, Framingham","+1 508-879-3336","http://www.allegraframingham.com/?utm_source=google&utm_medium=local&utm_campaign=google-local-40","ChIJM-63mzeI44kReSx71Y37IVk"
"Staples", "electronics_store,furniture_store,home_goods_store,store,point_of_interest,establishment","Framingham","Massachusetts","659 Worcester Road, Framingham","+1 508-820-3020","http://storelocator.staples.com/stores/en_US/MA/Framingham/0349?cmpid=st_ll_goo&cid=LS:RETAIL:G","ChIJ99Dl41WI44kRoDH60bya7Ek"
"Sir Speedy", "store,point_of_interest,establishment","Framingham","Massachusetts","375 Worcester Road, Framingham","+1 508-879-3277","http://www.sirspeedy.com/","ChIJ3eKxjfWI44kRTzL-x5-_Vg0"
"AlphaGraphics - Framingham", "store,point_of_interest,establishment","Framingham","Massachusetts","1451 Concord Street, Framingham","+1 508-626-2318","http://www.alphagraphics.com/centers/framingham-massachusetts-us143/","ChIJXePA-byI44kRg2Vo-yOzsOY"
"Signarama of Framingham", "home_goods_store,store,point_of_interest,establishment","Framingham","Massachusetts","280 Worcester Road #118, Framingham","+1 508-444-0063","http://www.signarama.com/ma-framingham","ChIJb1U1yoqI44kRS_-JNeVmXaw"
"Charlotte Russe", "shoe_store,jewelry_store,clothing_store,store,point_of_interest,establishment","Natick","Massachusetts","1245 Worcester Street, Natick","+1 508-655-8590","http://www.charlotterusse.com/on/demandware.store/Sites-charlotte-russe-Site/default/Stores-Details?StoreID=772","ChIJca5qYoKI44kRJYZjgmB3ku4"
"Graphic Connections", "point_of_interest,establishment","Acton","Massachusetts","590 Massachusetts Avenue, Acton","+1 978-266-1155","http://www.graphicconnectacton.com/","ChIJSTQDoGGR44kRBDlqMaajWKU"
"Minuteman Press", "store,point_of_interest,establishment","Concord","Massachusetts","20 Beharrell Street, Concord","+1 978-371-0679","http://www.minutemanpress.com/","ChIJbygbCJCQ44kRnAS00vl9Yp4"
"Spyglass Printing", "store,point_of_interest,establishment","Ashland","Massachusetts","84 East Bluff Road, Ashland","+1 508-740-5088","http://spyglassprinting.com/","ChIJM4qC37R35IkRslnDhpPewTk"
"LogoWear Plus", "clothing_store,store,point_of_interest,establishment","Billerica","Massachusetts","P.O. Box 127, Pinehurst","+1 617-933-9317","http://www.logowearplus.com/","ChIJn7sTKY-f44kRkOnQfvEeg8U"
"Staples Print & Marketing Services", "store,point_of_interest,establishment","Burlington","Massachusetts","111 Middlesex Turnpike, Burlington","+1 781-685-5216","https://printingservices.staples.com/us/ma/burlington/111-middlesex-turnpike?cmpid=st_ll_goo&cid=LS:RETAIL:G","ChIJxYNK4Eie44kRJgPeqttZdek"
"Staples", "electronics_store,furniture_store,home_goods_store,store,point_of_interest,establishment","Burlington","Massachusetts","111 Middlesex Turnpike, Burlington","+1 781-221-4610","http://storelocator.staples.com/stores/en_US/MA/Burlington/0178?cmpid=st_ll_goo&cid=LS:RETAIL:G","ChIJVWAG4Uie44kRj1jQVVA8QF8"
"Minuteman Press", "store,point_of_interest,establishment","Burlington","Massachusetts","169 Bedford Street, Burlington","+1 781-273-1155","http://www.burlingtonma.minutemanpress.com/","ChIJB8wPF96f44kRBmg-K_y0zWo"
"Sears", "department_store,shoe_store,jewelry_store,electronics_store,clothing_store,furniture_store,home_goods_store,store,point_of_interest,establishment","Burlington","Massachusetts","1100 Middlesex Turnpike, Burlington","+1 781-221-4900","http://www.sears.com/stores/massachusetts/burlington/0001163.html","ChIJp3Ccejie44kR5uNZkKnFHSE"
"EmbroidMe Waltham, MA", "clothing_store,store,point_of_interest,establishment","Waltham","Massachusetts","1091 Lexington Street, Waltham","+1 781-899-7624","http://embroidme-waltham.com/","ChIJM3FfjwSd44kRyXI2piAxmGk"
"Staples Print & Marketing Services", "store,point_of_interest,establishment","Acton","Massachusetts","145 Great Road, Acton","+1 978-795-3376","https://printingservices.staples.com/us/ma/acton/145-great-rd?cmpid=st_ll_goo&cid=LS:RETAIL:G","ChIJ7-ZDkc6Q44kRghjYcVpc0BM"
"Staples", "electronics_store,furniture_store,home_goods_store,store,point_of_interest,establishment","Acton","Massachusetts","145 Great Road, Acton","+1 978-263-6150","http://storelocator.staples.com/stores/en_US/MA/Acton/1219?cmpid=st_ll_goo&cid=LS:RETAIL:G","ChIJVVVVVSWR44kRoBWfz_bdqBw"
"Alpha Graphics", "store,point_of_interest,establishment","Concord","Massachusetts","192 Sudbury Road, Concord","+1 978-369-1991","http://www.alphagraphics.com/centers/concord-massachusetts-us271","ChIJkXM5ikGa44kRlntWhDVnYKo"
"Stellar Apparel - Screen Printing, Embroidery, Promotional Items", "clothing_store,store,point_of_interest,establishment","Southborough","Massachusetts","14 Newton Street, Southborough","+1 508-485-5511","http://www.stellarapparel.com/","ChIJz9Uv_FeK44kRgHTB1fMFcUs"
"Embroidery Unlimited", "clothing_store,store,point_of_interest,establishment","Marlborough","Massachusetts","449 Boston Post Road East Suite 5, Marlborough","+1 508-485-5522","http://www.embroideryunl.com/","ChIJm6_coXiL44kRjZc5o5H_APg"
"Staples Print & Marketing Services", "store,point_of_interest,establishment","Marlborough","Massachusetts","771 Boston Post Road East, Marlborough","+1 508-804-4038","https://printingservices.staples.com/us/ma/marlborough/771-boston-post-rd?cmpid=st_ll_goo&cid=LS:RETAIL:G","ChIJ8dfWPPWL44kR-CuZ7ld3xsI"
"Staples", "electronics_store,furniture_store,home_goods_store,store,point_of_interest,establishment","Marlborough","Massachusetts","771 Boston Post Road East, Marlborough","+1 508-229-2011","http://storelocator.staples.com/stores/en_US/MA/Marlborough/1525?cmpid=st_ll_goo&cid=LS:RETAIL:G","ChIJHynL1YWL44kRUsnweYuyLcs"
"Staples Print & Marketing Services", "store,point_of_interest,establishment","Natick","Massachusetts","881 Worcester Street, Natick","+1 508-903-1640","https://printingservices.staples.com/us/ma/natick/881-worcester-road?cmpid=st_ll_goo&cid=LS:RETAIL:G","ChIJgcR9mjiG44kRcgYB5TrOekc"
"Staples", "electronics_store,furniture_store,home_goods_store,store,point_of_interest,establishment","Natick","Massachusetts","881 Worcester Road, Natick","+1 508-655-0811","http://storelocator.staples.com/stores/en_US/MA/Natick/0008?cmpid=st_ll_goo&cid=LS:RETAIL:G","ChIJ_bp_kDiG44kRzw95Vo8RwSY"
"IZA Design Inc.", "clothing_store,store,point_of_interest,establishment","Stow","Massachusetts","132 Great Road, Stow","+1 978-820-7737","http://www.izadesign.com/","ChIJ6WDHnvJw44kRq07b6gOABdQ"
"Sterling Printing", "clothing_store,store,point_of_interest,establishment","Stoneham","Massachusetts","214 Main Street, Stoneham","+1 781-481-1234","http://www.sterlingprinting.com/","ChIJ6TvIeZ5044kR2Or9RuF1oJ8"
"Chowdaheadz", "storage,clothing_store,store,point_of_interest,establishment","Woburn","Massachusetts","35 Industrial Parkway, Woburn","+1 781-491-0707","http://www.chowdaheadz.com/","ChIJ-ZLDqdl044kRfMGFWsKOCC0"
"Action Apparel Inc.", "clothing_store,store,point_of_interest,establishment","Stoneham","Massachusetts","100 A Maple St, Stoneham","+1 781-224-0777","http://www.actionapparelinc.com/","ChIJ50DZhtVy44kRcGO6aqot4wY"
"Reading Trophy & Shirt Co", "clothing_store,store,point_of_interest,establishment","Reading","Massachusetts","660 Main Street, Reading","+1 781-944-7171","http://www.readingtrophy.com/","ChIJy2M6YVkL44kRHCJD7y0lig0"
"Nova Idea Promotional Marketing", "clothing_store,store,point_of_interest,establishment","Woburn","Massachusetts","124A Cummings Park Drive, Woburn","+1 888-674-5190","http://www.novaideainc.com/","ChIJDcB1bV4J44kRNFfoy7eZWVM"
"Clothingwarehouse", "clothing_store,store,point_of_interest,establishment","Woburn","Massachusetts","10 Walnut Hill Park, Woburn","+1 978-752-2400","http://www.clothingwarehouse.com/","ChIJxbPmPyQL44kREgukup9Ys1w"
"Staples Print & Marketing Services", "store,point_of_interest,establishment","Woburn","Massachusetts","335 Washington Street, Woburn","+1 781-994-1549","https://printingservices.staples.com/us/ma/woburn/335-washington-st?cmpid=st_ll_goo&cid=LS:RETAIL:G","ChIJG22t0sF044kRyMIQfgRmX5Q"
"Connolly Printing LLC", "store,point_of_interest,establishment","Woburn","Massachusetts","17 Gill Street, Woburn","+1 781-932-8885","http://www.connollyprinting.com/","ChIJbdrc5id144kR2CFfPwRC4zM"
"Staples", "electronics_store,furniture_store,home_goods_store,store,point_of_interest,establishment","Woburn","Massachusetts","335 Washington Street, Woburn","+1 781-932-4132","http://storelocator.staples.com/stores/en_US/MA/Woburn/0002?cmpid=st_ll_goo&cid=LS:RETAIL:G","ChIJzzdQzcF044kRoEN9fCYEWXQ"
"FASTSIGNS", "store,point_of_interest,establishment","Woburn","Massachusetts","400 West Cummings Park #1850, Woburn","+1 781-938-7700","http://www.fastsigns.com/boston-ma/214-woburn?utm_source=google&utm_medium=local&utm_campaign=localmaps&utm_content=214","ChIJ36FC_cF044kRnSTw18oblVA"
"AlphaGraphics Woburn", "store,point_of_interest,establishment","Woburn","Massachusetts","130 New Boston Street #104, Woburn","+1 781-838-8963","http://www.alphagraphics.com/centers/woburn-massachusetts-us220/","ChIJsYXOaCd144kRf_a59-o206c"
"Boston Creative Design Inc.", "clothing_store,store,point_of_interest,establishment","Wilmington","Massachusetts","520 Main Street, Wilmington","+1 978-988-1000","http://www.bostoncreative.com/","ChIJje66D3kK44kRC38O6g-3j40"
"Jos. A. Bank", "shoe_store,clothing_store,store,point_of_interest,establishment","North Andover","Massachusetts","111 Turnpike Street #6rt, North Andover","+1 978-681-6461","http://www.josbank.com/store-locator?utm_source=google&utm_medium=listing&utm_content=541&utm_campaign=MA","ChIJCcqIiyQG44kRM1ivakW0bU0"
"Staples Print & Marketing Services", "store,point_of_interest,establishment","North Andover","Massachusetts","73 Turnpike Street, North Andover","+1 978-552-2941","https://printingservices.staples.com/us/ma/north-andover/73-turnpike-street?cmpid=st_ll_goo&cid=LS:RETAIL:G","ChIJZ9XsUCUG44kRjWDIRcvfMwc"
"Staples", "electronics_store,furniture_store,home_goods_store,store,point_of_interest,establishment","North Andover","Massachusetts","73 Turnpike Street, North Andover","+1 978-685-6518","http://storelocator.staples.com/stores/en_US/MA/North-Andover/1555?cmpid=st_ll_goo&cid=LS:RETAIL:G","ChIJDQ96oE4P44kRAXaZgO1toRg"
"EmbroidMe Tewksbury", "point_of_interest,establishment","Tewksbury","Massachusetts","1268 Main Street, Tewksbury","+1 978-851-1005","http://www.embroidme-tewksbury.com/","ChIJu6yDB82g44kRhWpjecLZNrc"
"The T STOP", "store,point_of_interest,establishment","Wakefield","Massachusetts","983 Main Street, Wakefield","+1 781-665-0000","http://www.thetstop.com/","ChIJ0a4wMhFz44kRoZOab5Xq5Y0"
"Staples Print & Marketing Services", "store,point_of_interest,establishment","Reading","Massachusetts","34 Walkers Brook Drive, Reading","+1 781-205-5021","https://printingservices.staples.com/us/ma/reading/34-walkers-brook-dr-?cmpid=st_ll_goo&cid=LS:RETAIL:G","ChIJQ-dzI6YM44kRwoYzxx066tw"
"Staples", "electronics_store,furniture_store,home_goods_store,store,point_of_interest,establishment","Reading","Massachusetts","34 Walkers Brook Drive, Reading","+1 781-944-0563","http://storelocator.staples.com/stores/en_US/MA/Reading/1558?cmpid=st_ll_goo&cid=LS:RETAIL:G","ChIJxdmg56cM44kRYIEAuBvUbdU"
"Greco Graphics Inc", "clothing_store,store,point_of_interest,establishment","Billerica","Massachusetts","14 Hadley Street c, North Billerica","+1 978-663-9122","http://www.grecographics.com/","ChIJbUcyqoWh44kRhBl4aA6LxEM"
"Noreast Custom Apparel", "clothing_store,store,point_of_interest,establishment","Lowell","Massachusetts","181 Stedman Street #5, Lowell","+1 978-703-0974","http://www.noreastapparel.com/","ChIJLYWz4vWj44kRklEur0N7pIg"
"Staples Print & Marketing Services", "store,point_of_interest,establishment","Chelmsford","Massachusetts","265 Chelmsford Street, Chelmsford","+1 978-805-7191","https://printingservices.staples.com/us/ma/chelmsford/265-chelmsford-street?cmpid=st_ll_goo&cid=LS:RETAIL:G","ChIJ2dbEWp6j44kRWD4gsPNCjkE"
"Staples", "electronics_store,furniture_store,home_goods_store,store,point_of_interest,establishment","Chelmsford","Massachusetts","265 Chelmsford Street, Chelmsford","+1 978-256-1828","http://storelocator.staples.com/stores/en_US/MA/Chelmsford/1509?cmpid=st_ll_goo&cid=LS:RETAIL:G","ChIJnW_-N56j44kReplImnITrwY"
"EmbroidMe Chelmsford, MA", "point_of_interest,establishment","Chelmsford","Massachusetts","14 Littleton Road, Chelmsford","+1 978-244-0050","http://www.embroidme-chelmsford.com/","ChIJuYcqxR6j44kRVwGOVOMaa5k"
"Logo Loc", "clothing_store,store,point_of_interest,establishment","Pelham","New Hampshire","60 Pulpit Rock Road A, Pelham","+1 603-644-4800","http://logoloc.com/","ChIJp79spS9P4okRM2rupe6bFs8"
"Carbon Colors", "store,point_of_interest,establishment","Dracut","Massachusetts","1274 Lakeview Avenue, Dracut","+1 978-674-8197","http://carboncolors.net/","ChIJIepi01Kk44kRlc6ZGt3_Z68"
"Staples Print & Marketing Services", "store,point_of_interest,establishment","Plaistow","New Hampshire","58 Plaistow Road, Plaistow","+1 603-819-2005","https://printingservices.staples.com/us/nh/plaistow/58-plaistow-road?cmpid=st_ll_goo&cid=LS:RETAIL:G","ChIJjzHFSQ7-4okR0l1dtq0kj0k"
"Staples", "electronics_store,furniture_store,home_goods_store,store,point_of_interest,establishment","Plaistow","New Hampshire","58 Plaistow Road, Plaistow","+1 603-382-3280","http://storelocator.staples.com/stores/en_US/NH/Plaistow/0907?cmpid=st_ll_goo&cid=LS:RETAIL:G","ChIJ2btCaQ7-4okRAmm3sHmo2BI"
"Leisure Line Custom Embroidery", "store,point_of_interest,establishment","Haverhill","Massachusetts","371 River Street, Haverhill","+1 978-372-5321","http://www.leisureline.com/","ChIJTWzL9tcD44kRqyKlnAa0low"
"Royal Screen Printing", "clothing_store,store,point_of_interest,establishment","Methuen","Massachusetts","55 Chase Street, Methuen","+1 978-747-7402","http://www.wearroyal.com/","ChIJZ_T8LR8H44kRLH3ee2tq1Mg"
"MG Print and Promotions Lawrence MA", "clothing_store,store,point_of_interest,establishment","Lawrence","Massachusetts","60 Island Street, Lawrence","+1 978-682-0699","http://www.mgprintandpromotions.com/","ChIJMRJVbqkH44kRH-ky2JTOyZk"
"FASTSIGNS", "store,point_of_interest,establishment","Salem","New Hampshire","345 South Broadway Unit 6, Salem","+1 603-894-7446","http://www.fastsigns.com/585-salem-nh?utm_source=google&utm_medium=local&utm_campaign=localmaps&utm_content=585","ChIJDQd2-fap44kREPoRnq4OKls"
"Jos. A. Bank", "shoe_store,clothing_store,store,point_of_interest,establishment","Salem","New Hampshire","125 South Broadway c, Salem","+1 603-890-6268","http://www.josbank.com/store-locator?utm_source=google&utm_medium=listing&utm_content=948&utm_campaign=NH","ChIJ49nMWDyq44kRBnGzBdwxINY"
"Staples Print & Marketing Services", "store,point_of_interest,establishment","Salem","New Hampshire","176 South Broadway, Salem","+1 603-328-3090","https://printingservices.staples.com/us/nh/salem/176-south-broadway?cmpid=st_ll_goo&cid=LS:RETAIL:G","ChIJV_shTz2q44kRaz8h8rjRZEw"
"Staples", "electronics_store,furniture_store,home_goods_store,store,point_of_interest,establishment","Salem","New Hampshire","176 South Broadway, Salem","+1 603-893-6114","http://storelocator.staples.com/stores/en_US/NH/Salem/0047?cmpid=st_ll_goo&cid=LS:RETAIL:G","ChIJPd9C2CKq44kRfhikQFHf5wQ"
"Hot Topic", "clothing_store,store,point_of_interest,establishment","Salem","New Hampshire","99 Rockingham Park Boulevard, Salem","+1 603-890-0499","http://www.hottopic.com/store-details?StoreID=0114","ChIJKeI_wS-q44kRJufj-q57P2s"
"Charlotte Russe", "shoe_store,jewelry_store,clothing_store,store,point_of_interest,establishment","Salem","New Hampshire","99 Rockingham Park Boulevard, Salem","+1 603-890-6092","http://www.charlotterusse.com/on/demandware.store/Sites-charlotte-russe-Site/default/Stores-Details?StoreID=231","ChIJR2aeHCWq44kR2sYi9i_uRpI"
"Left Eye Creations - T-Shirts, Printing Graphics & Web Design", "store,point_of_interest,establishment","Lawrence","Massachusetts","60 Island Street #103, Lawrence","+1 978-984-0581","http://www.lefteyecreations.com/","ChIJV51z3QcH44kRBLWPjI4JEWQ"
"Emond promotional printing, LLC", "clothing_store,store,point_of_interest,establishment","Dracut","Massachusetts","1565 Broadway Road, Dracut","+1 978-681-8113","http://www.emondpromotionalprinting.com/","ChIJTUFtX46o44kRwtC1dmFaKgI"
"All Sports Heroes", "clothing_store,store,point_of_interest,establishment","Lowell","Massachusetts","18 1st Street, Lowell","+1 978-454-7300","http://www.allsportsheroes.com/","ChIJm1KNCiWk44kROo-kxVxIgPo"
"Dracut Threads", "clothing_store,store,point_of_interest,establishment","Dracut","Massachusetts","1595 Lakeview Avenue, Dracut","+1 978-710-3501","http://dracutthreads.com/","ChIJH8NRtQml44kRMKpqQ5rcNxg"
"Minuteman Press", "store,point_of_interest,establishment","Lowell","Massachusetts","1527 Middlesex Street #1, Lowell","+1 978-452-9595","http://www.lowell.minutemanpress.com/","ChIJl49nSoWk44kRifgyXZqRF2A"
"Simply Sisters Silk Screening - Custom T-Shirt Printing", "clothing_store,store,point_of_interest,establishment","Woburn","Massachusetts","2 Norwood Circle, Woburn","+1 781-935-1821","http://www.simplysisters.net/","ChIJDcVwOTp144kRlxv02vbWkJc"
"Custom Stitch", "store,point_of_interest,establishment","Wilmington","Massachusetts","200 Jefferson Road # 107, Wilmington","+1 978-988-1344","http://www.customstitchonline.com/","ChIJy8bCHEUK44kRXm_ofg8Rxjk"
"1-Stop Design Shop, Inc.", "store,point_of_interest,establishment","Woburn","Massachusetts","30BB, 6th Road, Woburn","+1 781-938-3866","http://www.1stopdesign.com/","ChIJfWNkHCZ144kRLThvPoYBsnc"
"Staples Print & Marketing Services", "store,point_of_interest,establishment","Nashua","New Hampshire","252 Daniel Webster Highway, Nashua","+1 603-402-5700","https://printingservices.staples.com/us/nh/nashua/252-daniel-webster-hwy?cmpid=st_ll_goo&cid=LS:RETAIL:G","ChIJ7QQ5cGW644kRuCYY4pcZ_mg"
"Jos. A. Bank", "shoe_store,clothing_store,store,point_of_interest,establishment","Nashua","New Hampshire","8 Spit Brook Road #7-B, Nashua","+1 603-888-0873","http://www.josbank.com/store-locator?utm_source=google&utm_medium=listing&utm_content=840&utm_campaign=NH","ChIJUfMoUGW644kR0SdPvHjD0D8"
"Staples", "electronics_store,furniture_store,home_goods_store,store,point_of_interest,establishment","Nashua","New Hampshire","252 Daniel Webster Highway, Nashua","+1 603-897-6600","http://storelocator.staples.com/stores/en_US/NH/Nashua/0061?cmpid=st_ll_goo&cid=LS:RETAIL:G","ChIJ_Xkrf2W644kRDgzjJLM2YOI"
"Staples Print & Marketing Services", "store,point_of_interest,establishment","Saugus","Massachusetts","444 Broadway, Saugus","+1 781-417-1235","https://printingservices.staples.com/us/ma/saugus/444-broadway?cmpid=st_ll_goo&cid=LS:RETAIL:G","ChIJsV3hDr5y44kR59A7opzpuSo"
"Staples", "electronics_store,furniture_store,home_goods_store,store,point_of_interest,establishment","Saugus","Massachusetts","444 Broadway, Saugus","+1 781-231-6860","http://storelocator.staples.com/stores/en_US/MA/Saugus/0051?cmpid=st_ll_goo&cid=LS:RETAIL:G","ChIJhxMzfb5y44kRX4ZQaSQ4vCY"
"Carhartt", "clothing_store,store,point_of_interest,establishment","Lynnfield","Massachusetts","120 Market Street, Lynnfield","+1 781-334-6240","http://www.carhartt.com/","ChIJQYFF7z4N44kRWizm9B84FCU"
"Charlotte Russe", "shoe_store,jewelry_store,clothing_store,store,point_of_interest,establishment","Saugus","Massachusetts","1201 Broadway, Saugus","+1 781-231-9315","http://www.charlotterusse.com/on/demandware.store/Sites-charlotte-russe-Site/default/Stores-Details?StoreID=228","ChIJKbmtyn2UsYkRw8lw04DE1HI"
"VIVO PRINTING", "clothing_store,store,point_of_interest,establishment","Woburn","Massachusetts","160 Main Street, Woburn","+1 978-828-6039","http://www.vivoprinting.com/","ChIJBQUT8K1144kRSV5bXypr-3U"
"Staples Print & Marketing Services", "store,point_of_interest,establishment","Salem","Massachusetts","17 Paradise Road, Salem","+1 978-498-0013","https://printingservices.staples.com/us/ma/salem/17-paradise-road?cmpid=st_ll_goo&cid=LS:RETAIL:G","ChIJs6EXb68U44kRzsHyDVkzb-U"
"Staples", "electronics_store,furniture_store,home_goods_store,store,point_of_interest,establishment","Salem","Massachusetts","17 Paradise Road, Salem","+1 978-741-4244","http://storelocator.staples.com/stores/en_US/MA/Salem/0217?cmpid=st_ll_goo&cid=LS:RETAIL:G","ChIJES87Z68U44kRRU4agYktiX8"
"Supersport Screen Printing", "store,point_of_interest,establishment","Malden","Massachusetts","910 Eastern Avenue, Malden","+1 781-397-8166","http://www.supersportusa.com/","ChIJ7QYG_Cty44kRBqABIRf45PM"
"Minuteman Press", "store,point_of_interest,establishment","Malden","Massachusetts","988 Eastern Avenue, Malden","+1 781-324-2600","http://www.malden.minutemanpress.com/","ChIJm76Dsity44kR6wZIwDjcWKE"
"Gorilla Printing", "clothing_store,store,point_of_interest,establishment","Salem","Massachusetts","47 Canal Street, Salem","+1 978-745-7755","http://gorillasalem.com/","ChIJ_Tt71HwU44kRQPr8AYQEGWM"
"X-Treme Silkscreen & Design", "clothing_store,store,point_of_interest,establishment","Lynn","Massachusetts","16 Mount Vernon Street, Lynn","+1 781-598-1626","http://xtremesilkscreen.com/","ChIJKTLDFuhs44kRF7Ol59NOofI"
"HALO Branded Solutions/Fosterspromo", "point_of_interest,establishment","Marblehead","Massachusetts","16 Anderson Street, Marblehead","+1 781-631-3824","http://www.fosterspromo.com/","ChIJF-LgbwIV44kRAtvCkuXKsN0"
"Downtown Custom Printwear", "clothing_store,store,point_of_interest,establishment","Marblehead","Massachusetts","23 Thompson Road, Marblehead","+1 518-723-0044","http://www.downtownprintwear.com/","ChIJwx4_7cIU44kRn2Eto1lz86g"
"Staples Print & Marketing Services", "store,point_of_interest,establishment","Revere","Massachusetts","151 Vfw Parkway, Revere","+1 781-560-1430","https://printingservices.staples.com/us/ma/revere/151-vfw-parkway?cmpid=st_ll_goo&cid=LS:RETAIL:G","ChIJE16qfwRu44kRc9DeN2HF0FI"
"PrintHero.com", "clothing_store,store,point_of_interest,establishment","Salem","Massachusetts","Washington Street, Salem","+1 484-857-2702","http://www.printhero.com/","ChIJf-qrNXsU44kRlIzQLE9qlwg"
"Alx Creative Marketing Agency, Inc", "store,point_of_interest,establishment","Peabody","Massachusetts","85 Main Street, Suite C9, Peabody","+1 978-219-3500","http://www.alxagency.com/","ChIJ71ID7psT44kRGVd7-dRNofk"
"Staples Print & Marketing Services", "store,point_of_interest,establishment","Beverly","Massachusetts","65 Dodge Street c, Beverly","+1 978-720-4515","https://printingservices.staples.com/us/ma/beverly/65-dodge-st?cmpid=st_ll_goo&cid=LS:RETAIL:G","ChIJeyBIjsMW44kR3zl-h22Ec_Q"
"Staples Print & Marketing Services", "store,point_of_interest,establishment","Danvers","Massachusetts","230 Independence Way, Danvers","+1 978-539-0034","https://printingservices.staples.com/us/ma/danvers/230-independence-way?cmpid=st_ll_goo&cid=LS:RETAIL:G","ChIJA7uEDNwT44kRahXX4CQTXJo"
"Minuteman Press", "store,point_of_interest,establishment","Newburyport","Massachusetts","A, 188 Newburyport Turnpike, Newburyport","+1 978-465-2242","http://www.newburyport.minutemanpress.com/","ChIJHUd84bvh4okRLS4XhCfKls8"
"EmbroidMe", "clothing_store,store,point_of_interest,establishment","Middleton","Massachusetts","212 South Main Street, Middleton","+1 978-539-8362","http://www.embroidme-northshore.com/","ChIJxa5TMv0R44kRzg6NUiKGeAY"
"Ben Franklin Tees", "clothing_store,store,point_of_interest,establishment","Danvers","Massachusetts","114 Maple Street, Danvers","+1 978-624-7341","http://benfranklintees.co/","ChIJqZtPcb0R44kR0AV99lEoUHM"
"Sarkisian Sportswear", "clothing_store,store,point_of_interest,establishment","Peabody","Massachusetts","182 Newbury Street #2, Peabody","+1 978-854-5972","http://sarkisiansports.com/","ChIJJ2VRpeIR44kRiy-VIKAAMtg"
"Jos. A. Bank", "shoe_store,clothing_store,store,point_of_interest,establishment","Peabody","Massachusetts","240 Andover Street, Peabody","+1 978-531-2143","http://www.josbank.com/store-locator?utm_source=google&utm_medium=listing&utm_content=963&utm_campaign=MA","ChIJdTJAN8kT44kROErr-sVpqgU"
"Staples Print & Marketing Services", "store,point_of_interest,establishment","Danvers","Massachusetts","301 Newbury Street, Danvers","+1 978-539-0039","https://printingservices.staples.com/us/ma/danvers/301-newbury-street?cmpid=st_ll_goo&cid=LS:RETAIL:G","ChIJVZ1u-KIR44kRy9HximOuvms"
"PrintHero.com", "clothing_store,store,point_of_interest,establishment","Gloucester","Massachusetts","Main Street, Gloucester","+1 775-346-8459","http://www.printhero.com/","ChIJiZzbyxol44kRqmnPpDP0ohI"
"Seaside Graphics", "store,point_of_interest,establishment","Gloucester","Massachusetts","27 Railroad Avenue, Gloucester","+1 978-281-0960","http://www.seasidegraphics.com/","ChIJo8V5swIl44kRxoymUO-Kd-E"
"Sew Forth Embroidery", "clothing_store,store,point_of_interest,establishment","Middleton","Massachusetts","102 South Main Street, Middleton","+1 978-739-4603","http://www.sewforth.com/","ChIJEzyODhkO44kRji3tzSFhCUA"
"Staples", "electronics_store,furniture_store,home_goods_store,store,point_of_interest,establishment","Danvers","Massachusetts","301 Newbury Street, Danvers","+1 978-777-9400","http://storelocator.staples.com/stores/en_US/MA/Danvers/0167?cmpid=st_ll_goo&cid=LS:RETAIL:G","ChIJtUFyH6MR44kRG8O0i9A9wTU"
"Inkcups Now Corporation", "store,point_of_interest,establishment","Danvers","Massachusetts","310 Andover Street, Danvers","+1 978-646-8980","http://www.inkcups.com/","ChIJnUA9X28R44kR_sx8dl7hXho"
"Staples Print & Marketing Services", "store,point_of_interest,establishment","Seabrook","New Hampshire","536 Lafayette Road, Seabrook","+1 603-760-3495","https://printingservices.staples.com/us/nh/seabrook/536-lafayette-rd?cmpid=st_ll_goo&cid=LS:RETAIL:G","ChIJvWqYXVfm4okRXhfHDbU5M-0"
"Staples", "electronics_store,furniture_store,home_goods_store,store,point_of_interest,establishment","Seabrook","New Hampshire","536 Lafayette Road, Seabrook","+1 603-474-8511","http://storelocator.staples.com/stores/en_US/NH/Seabrook/1124?cmpid=st_ll_goo&cid=LS:RETAIL:G","ChIJTb2O2Vnm4okR6h7tueTbIGM"
"Creative Touch Designs", "store,point_of_interest,establishment","Salisbury","Massachusetts","26 Ocean Front South, Salisbury","+1 978-499-4444","http://www.ctdemb.com/","ChIJvZi-JTDh4okRSSQ8mk9o88g"
"Staples", "electronics_store,furniture_store,home_goods_store,store,point_of_interest,establishment","Danvers","Massachusetts","230 Independence Way, Danvers","+1 978-762-0152","http://storelocator.staples.com/stores/en_US/MA/Danvers/0495?cmpid=st_ll_goo&cid=LS:RETAIL:G","ChIJ_ya_KNsT44kRnFJjrzIBvUE"
"Minuteman Press", "store,point_of_interest,establishment","Beverly","Massachusetts","409 Cabot Street #4, Beverly","+1 978-927-8757","http://www.minutemanbeverly.com/","ChIJM1XSGJgW44kRu_w6El6u0LA"
"Sears", "department_store,shoe_store,jewelry_store,electronics_store,clothing_store,furniture_store,home_goods_store,store,point_of_interest,establishment","Peabody","Massachusetts","Hwys 114 & 128, Peabody","+1 978-977-7500","http://www.sears.com/stores/massachusetts/peabody/0001253.html","ChIJPUq7o7gT44kRQfkmiPjiiio"
"G & G Custom Silk Screen and Embroidery", "clothing_store,store,point_of_interest,establishment","Plymouth","Massachusetts","187 Court Street, Plymouth","+1 508-830-1075","http://www.ggsilkscreen.com/","ChIJqymkziO75IkRsyqxqAgUl1I"
"Jos. A. Bank", "shoe_store,clothing_store,store,point_of_interest,establishment","Plymouth","Massachusetts","136 Colony Place, Plymouth","+1 508-747-0226","http://www.josbank.com/store-locator?utm_source=google&utm_medium=listing&utm_content=668&utm_campaign=MA","ChIJa4sx9K6x5IkRzFFhNHKxnUo"
"Staples Print & Marketing Services", "store,point_of_interest,establishment","Plymouth","Massachusetts","131 Samoset Street, Plymouth","+1 508-927-0396","https://printingservices.staples.com/us/ma/plymouth/131-samoset-street?cmpid=st_ll_goo&cid=LS:RETAIL:G","ChIJOyeP_RG75IkR5RC_l4JhZco"
"Staples", "electronics_store,furniture_store,home_goods_store,store,point_of_interest,establishment","Plymouth","Massachusetts","(Rt 44), 131 Samoset Street, Plymouth","+1 508-746-5215","http://storelocator.staples.com/stores/en_US/MA/Plymouth/0186?cmpid=st_ll_goo&cid=LS:RETAIL:G","ChIJdTiHERC75IkRNEG0JMKay0Y"
"Charlotte Russe", "shoe_store,jewelry_store,clothing_store,store,point_of_interest,establishment","Kingston","Massachusetts","101 Independence Mall Way, Kingston","+1 781-585-1085","http://www.charlotterusse.com/on/demandware.store/Sites-charlotte-russe-Site/default/Stores-Details?StoreID=513","ChIJJRmE5Fi75IkRRcG0bqObV7A"
"Jos. A. Bank", "shoe_store,clothing_store,store,point_of_interest,establishment","Bellingham","Massachusetts","253 Hartford Avenue, Bellingham","+1 508-966-2579","http://www.josbank.com/store-locator?utm_source=google&utm_medium=listing&utm_content=833&utm_campaign=MA","ChIJxUVdLR1u5IkRg4LpFFjwh5M"
"Staples Print & Marketing Services", "store,point_of_interest,establishment","Bellingham","Massachusetts","284 Hartford Avenue, Bellingham","+1 774-295-2978","https://printingservices.staples.com/us/ma/bellingham/284-hartford-ave?cmpid=st_ll_goo&cid=LS:RETAIL:G","ChIJx1MPauJx5IkRRArr4xAhG_I"
"Staples", "electronics_store,furniture_store,home_goods_store,store,point_of_interest,establishment","Bellingham","Massachusetts","284 Hartford Avenue, Bellingham","+1 508-966-1200","http://storelocator.staples.com/stores/en_US/MA/Bellingham/0348?cmpid=st_ll_goo&cid=LS:RETAIL:G","ChIJFf7dT-Zx5IkRY0QZPNe0TJo"
"Printmaster", "clothing_store,store,point_of_interest,establishment","Norwood","Massachusetts","89 Access Road #17, Norwood","+1 781-769-6656","http://printmasteronline.com/","ChIJNXQE4mKA5IkR6A5_M0_XrIs"
"Staples Print & Marketing Services", "store,point_of_interest,establishment","Norwood","Massachusetts","991 Providence Highway, Norwood","+1 781-680-0850","https://printingservices.staples.com/us/ma/norwood/991-providence-hwy?cmpid=st_ll_goo&cid=LS:RETAIL:G","ChIJ5VHqd4KA5IkRgYF4KzdLMsE"
"Staples", "electronics_store,furniture_store,home_goods_store,store,point_of_interest,establishment","Norwood","Massachusetts","991 Providence Highway, Norwood","+1 781-255-7720","http://storelocator.staples.com/stores/en_US/MA/Norwood/0426?cmpid=st_ll_goo&cid=LS:RETAIL:G","ChIJeZEp5Cd-5IkR3XBW3VRzUC8"
"Minuteman Press", "store,point_of_interest,establishment","Canton","Massachusetts","566 Washington Street, Canton","+1 781-828-6490","http://cantonma.minutemanpress.com/","ChIJ7Z5nzdiA5IkRf3dpqW87LHU"
"Goodwin Graphics", "clothing_store,store,point_of_interest,establishment","Cohasset","Massachusetts","164 Chief Justice Cushing Highway, Cohasset","+1 781-383-6355","http://cottonfeelsgood.com/","ChIJnULyYUln44kR7p2daj7_lCA"
"Imperial Promotional Embroidery", "clothing_store,store,point_of_interest,establishment","Boston","Massachusetts","1733 Centre Street, West Roxbury","+1 617-323-0100","http://imperialusa.biz/","ChIJLe9L4St_44kRnY8AsQNbMIc"
"Super Flash T-Shirts", "clothing_store,store,point_of_interest,establishment","Boston","Massachusetts","1731 Centre Street, West Roxbury","+1 617-323-9374","http://www.bostonts.biz/","ChIJcbMt4St_44kRvpCsFR3o47U"
"Seymore Green", "clothing_store,store,point_of_interest,establishment","Boston","Massachusetts","35 Poplar Street, Roslindale","+1 781-342-0617","http://www.seymoregreen.biz/","ChIJ1wO39sx-44kRs3ND7h7lugY"
"Minuteman Press - Dedham", "store,point_of_interest,establishment","Dedham","Massachusetts","51 Legacy Boulevard, Dedham","+1 781-461-8444","http://www.minutemanpressdedham.com/","ChIJpbGZae5_44kRgc8-iOAtGqI"
"Staples Print & Marketing Services", "store,point_of_interest,establishment","Dedham","Massachusetts","450 Providence Highway, Dedham","+1 781-375-9139","https://printingservices.staples.com/us/ma/dedham/450-providence-hwy?cmpid=st_ll_goo&cid=LS:RETAIL:G","ChIJcSyyppd_44kRU6sie-Gn8_8"
"Staples Print & Marketing Services", "store,point_of_interest,establishment","Boston","Massachusetts","4165 Washington Street, Roslindale","+1 617-942-9021","https://printingservices.staples.com/us/ma/roslindale/4165-washington-st?cmpid=st_ll_goo&cid=LS:RETAIL:G","ChIJk4LNrjR544kReQjmnEcjgT8"
"Minuteman Press", "store,point_of_interest,establishment","Boston","Massachusetts","1279 Hyde Park Avenue, Hyde Park","+1 617-361-7400","http://www.minutemanpress.com/","ChIJj_MJn_N-44kRWfkScX48APw"
"Staples", "electronics_store,furniture_store,home_goods_store,store,point_of_interest,establishment","Boston","Massachusetts","4165 Washington Street, Roslindale","+1 617-469-7490","http://storelocator.staples.com/stores/en_US/MA/Roslindale/1851?cmpid=st_ll_goo&cid=LS:RETAIL:G","ChIJgTk3VjN544kRHdkd1ZVRQek"
"Staples", "electronics_store,furniture_store,home_goods_store,store,point_of_interest,establishment","Dedham","Massachusetts","450 Providence Highway, Dedham","+1 781-329-3766","http://storelocator.staples.com/stores/en_US/MA/Dedham/1093?cmpid=st_ll_goo&cid=LS:RETAIL:G","ChIJhbGsCpd_44kRjqRmu2q4Udc"
"Carhartt", "clothing_store,store,point_of_interest,establishment","Dedham","Massachusetts","552 Legacy Boulevard, Dedham","+1 339-204-0260","http://www.carhartt.com/","ChIJoez-t-9_44kR-UpHws91fpU"
"Hunter Signs", "store,point_of_interest,establishment","Boston","Massachusetts","120 Business Street, Hyde Park","+1 617-360-9710","http://huntersigns.net/","ChIJU5kczfd-44kR7lzSsyYC8cU"
"Signarama Braintree", "home_goods_store,store,point_of_interest,establishment","Braintree","Massachusetts","130 Wood Road, Braintree","+1 781-849-1181","http://www.signarama-braintree.com/","ChIJ2S6GXhB944kRUPrGOsnyQUc"
"Jos. A. Bank", "shoe_store,clothing_store,store,point_of_interest,establishment","Mansfield","Massachusetts","280 School Street d120, Mansfield","+1 508-261-2360","http://www.josbank.com/store-locator?utm_source=google&utm_medium=listing&utm_content=686&utm_campaign=MA","ChIJMS51Gjpi5IkRHnsrpMXjmac"
"Staples Print & Marketing Services", "store,point_of_interest,establishment","Mansfield","Massachusetts","390 West Street, Mansfield","+1 508-594-2100","https://printingservices.staples.com/us/ma/mansfield/390-west-st-?cmpid=st_ll_goo&cid=LS:RETAIL:G","ChIJhXiPSUli5IkR2fiYKOZ6ZkA"
"Staples", "electronics_store,furniture_store,home_goods_store,store,point_of_interest,establishment","Mansfield","Massachusetts","390 West Street, Mansfield","+1 508-261-2889","http://storelocator.staples.com/stores/en_US/MA/Mansfield/1551?cmpid=st_ll_goo&cid=LS:RETAIL:G","ChIJXc1wQ0li5IkRcv_gQjrAlc4"
"Inkify, LLC (Formerly Mass Print)", "clothing_store,store,point_of_interest,establishment","Norwood","Massachusetts","61 Endicott St, Building 24, 4th Floor, Norwood","+1 617-304-6642","http://www.inkify.com/","ChIJd4bWREd-5IkR5FLqr49bpag"
"Straight Stitch Custom Embrdry", "store,point_of_interest,establishment","Norwood","Massachusetts","60 Day Street, Norwood","+1 781-762-3344","http://www.straightstitch.net/","ChIJBUQtmNF_5IkRaWlWZyH-58I"
"Life is Good - Patriot Place", "clothing_store,store,point_of_interest,establishment","Foxborough","Massachusetts","250 Patriot Place, Foxborough","+1 508-203-9449","http://www.kittyhawk.com/life-good-genuine-neighborhood-shoppes/","ChIJMaD4drZ85IkRXNj3xEUHD4k"
"Proforma Creative Precision", "store,point_of_interest,establishment","Foxborough","Massachusetts","132 Central Street #205, Foxborough","+1 508-543-8668","http://www.proforma.com/creativeprecision/","ChIJ7RAkEB9j5IkRnA7CajG5S_U"
"NHS Print", "store,point_of_interest,establishment","Franklin","Massachusetts","333 East Central Street #1, Franklin","+1 508-541-8900","http://www.nhsprint.com/","ChIJx0_JZIpv5IkRx9-5JftRtno"
"Ink Shop Apparel", "clothing_store,store,point_of_interest,establishment","Weymouth","Massachusetts","1436 Pleasant Street, Weymouth","+1 781-812-2644","http://inkshopapparel.com/","ChIJp72UqTRi44kRtgR0RIcaasg"
"Launch Sight Productions", "clothing_store,store,point_of_interest,establishment","Weymouth","Massachusetts","410 Bridge Street, Weymouth","+1 781-783-6996","http://www.mylaunchsight.com/","ChIJsd4epp5j44kRxtv2ViBo6uQ"
"Staples Print & Marketing Services", "store,point_of_interest,establishment","Weymouth","Massachusetts","729 Bridge Street, North Weymouth","+1 781-534-7977","https://printingservices.staples.com/us/ma/weymouth/729-bridge-st?cmpid=st_ll_goo&cid=LS:RETAIL:G","ChIJm8lRLJJj44kRd3TWS8rj2w4"
"Staples", "electronics_store,furniture_store,home_goods_store,store,point_of_interest,establishment","Weymouth","Massachusetts","729 Bridge Street, Weymouth","+1 781-331-4282","http://storelocator.staples.com/stores/en_US/MA/Weymouth/1294?cmpid=st_ll_goo&cid=LS:RETAIL:G","ChIJqxRSKZJj44kRrXr-bAiCino"
"Millennium Printing Corporation", "store,point_of_interest,establishment","Weymouth","Massachusetts","320 Libbey Industrial Parkway, Weymouth","+1 781-337-0002","http://mpcprinting.com/","ChIJ9y3qc21i44kRbw283viT_kY"
"Carol Rudick The Print Pro", "point_of_interest,establishment","Randolph","Massachusetts","75 North Main Street, Randolph","+1 781-413-5197","http://www.carolrudicktheprintpro.com/","ChIJ3wOzulVi44kRUSicaxR8nQ0"
"Recognition Center Inc.", "store,point_of_interest,establishment","Holliston","Massachusetts","326 Woodland Street, Holliston","+1 508-429-5881","https://www.facebook.com/recognitioncenter/","ChIJwaEiOiJ35IkRkQida32Vakw"
"South Shore Print & Graphics", "clothing_store,store,point_of_interest,establishment","Norwell","Massachusetts","340 Washington Street, Norwell","+1 781-659-0295","http://www.southshoreprintandgraphics.com/","ChIJ_e1peCye5IkRRP_v-gTOMX0"
"Printmaster", "clothing_store,store,point_of_interest,establishment","Hanover","Massachusetts","819 Washington Street, Hanover","+1 781-924-3450","http://printmasteronline.com/","ChIJBx6wRZmf5IkRw__Msabvx84"
"FASTSIGNS", "store,point_of_interest,establishment","Hanover","Massachusetts","1271 Washington Street, Hanover","+1 781-924-1576","http://www.fastsigns.com/boston-ma/623-hanover?utm_source=google&utm_medium=local&utm_campaign=localmaps&utm_content=623","ChIJN939vn6f5IkRodd-_aLA7ZU"
"Charlotte Russe", "shoe_store,jewelry_store,clothing_store,store,point_of_interest,establishment","Hanover","Massachusetts","1775 Washington St, Hanover","+1 781-826-5246","http://www.charlotterusse.com/on/demandware.store/Sites-charlotte-russe-Site/default/Stores-Details?StoreID=434","ChIJxzb8O8Gf5IkRDwjoNRg5w3E"
"American Reflective Screen Printing and Custom Uniforms", "clothing_store,store,point_of_interest,establishment","Hanover","Massachusetts","819 Washington Street, Hanover","+1 781-924-5638","http://www.americanreflective.com/","ChIJwbqlRZmf5IkRzu7Ft63oFwU"
"Jos. A. Bank", "shoe_store,clothing_store,store,point_of_interest,establishment","Canton","Massachusetts","95 Washington Street #218, Canton","+1 781-821-5610","http://www.josbank.com/store-locator?utm_source=google&utm_medium=listing&utm_content=435&utm_campaign=MA","ChIJ-xdl3dSA5IkR_jZ2ItXGdos"
"Print Master", "clothing_store,store,point_of_interest,establishment","Wrentham","Massachusetts","38 South Street, Wrentham","+1 774-847-9386","http://www.printmasteronline.com/","ChIJ36RtaE175IkR1jD-EpzNnPw"
"Minuteman Press", "store,point_of_interest,establishment","Foxborough","Massachusetts","123 Washington Street #8, Foxborough","+1 508-371-3702","http://www.foxboro.minutemanpress.com/","ChIJMaySpldj5IkRUU_TY1Ug0oQ"
"Staples Print & Marketing Services", "store,point_of_interest,establishment","Avon","Massachusetts","20 Stockwell Drive, Avon","+1 508-513-1475","https://printingservices.staples.com/us/ma/avon/20-stockwell-drive?cmpid=st_ll_goo&cid=LS:RETAIL:G","ChIJM0H4P4mD5IkR00SS38WeONA"
"Staples", "electronics_store,furniture_store,home_goods_store,store,point_of_interest,establishment","Avon","Massachusetts","20 Stockwell Drive, Avon","+1 508-580-5459","http://storelocator.staples.com/stores/en_US/MA/Avon/0137?cmpid=st_ll_goo&cid=LS:RETAIL:G","ChIJyT64iYmD5IkR-KnD3LMhYZc"
"Under Armour Factory House", "clothing_store,shoe_store,store,point_of_interest,establishment","Wrentham","Massachusetts","1 Outlet Boulevard #305, Wrentham","+1 508-384-1180","http://store-locations.underarmour.com/ma/wrentham/5/?utm_source=Google&utm_medium=Maps&utm_campaign=Google+Places","ChIJyVzM-sZl5IkRsrkgLadBAbk"
"Robert Graham Outlet", "clothing_store,store,point_of_interest,establishment","Wrentham","Massachusetts","Wrentham Premium Outlets, 1 Outlet Blvd Suite # 220, Wrentham","+1 508-384-5261","http://www.robertgraham.us/storelocator/","ChIJIeo3z8Bl5IkRQNIvSp6cE-Y"
"Quality Graphics, Inc.", "clothing_store,store,point_of_interest,establishment","Somerville","Massachusetts","11 Blakeley Avenue, Somerville","+1 617-440-6688","http://www.qualitygraphicsinc.com/","ChIJK8rfAdpw44kR_1fYEPO2eww"
"The Spot Clothing Showroom", "clothing_store,store,point_of_interest,establishment","Boston","Massachusetts","nue, 380 Dorchester Avenue, South Boston","+1 617-752-4771","http://thespotclothing.com/","ChIJYeV61ot644kR9Chw6FS_vvg"
"GroupGear", "clothing_store,store,point_of_interest,establishment","Cambridge","Massachusetts","65 Mount Auburn Street, Cambridge","+1 617-495-3587","http://groupgear.com/","ChIJKWGDhVZ344kRW8N1ocZPv1w"
"Cambridge Offset Printing", "clothing_store,store,point_of_interest,establishment","Cambridge","Massachusetts","56 Creighton Street, Cambridge","+1 617-547-5700","http://www.cambridgeoffset.com/","ChIJ7-J5UhZ344kRnISkgkrf72A"
"Hemlock Ink Screen Printing & Embroidery", "clothing_store,store,point_of_interest,establishment","Somerville","Massachusetts","19 Properzi Way, Somerville","+1 877-465-8337","http://www.hemlockink.com/","ChIJc6iY-jZ344kRZZyy02KHF7M"
"Spreadshirt", "clothing_store,store,point_of_interest,establishment","Boston","Massachusetts","186 South Street, Boston","+1 800-381-0815","http://spreadshirt.com/","ChIJDywn53h644kR3SS-enJUBlU"
"Sir Speedy Boston", "store,point_of_interest,establishment","Boston","Massachusetts","98 North Washington Street, Boston","+1 617-227-2237","http://www.sirspeedyboston.com/","ChIJGxVagoNw44kRQMex0O87keI"
"Silk Screen Printing", "clothing_store,store,point_of_interest,establishment","Boston","Massachusetts","50 Von Hillern Street, Boston","+1 617-426-4500","http://silkscreenprinting.net/","ChIJEQGjd3h644kRz8nEkM67KP8"
"Staples Print & Marketing Services", "store,point_of_interest,establishment","Boston","Massachusetts","1 Washington Street, Boston","+1 617-316-6999","https://printingservices.staples.com/us/ma/boston/1-washington-mall?cmpid=st_ll_goo&cid=LS:RETAIL:G","ChIJ5QzsTYRw44kRcW3BUWU4rfQ"
"Staples Print & Marketing Services", "store,point_of_interest,establishment","Boston","Massachusetts","401 Park Drive, Boston","+1 617-646-5735","https://printingservices.staples.com/us/ma/boston/401-park-drive?cmpid=st_ll_goo&cid=LS:RETAIL:G","ChIJVzIyEPR544kRRyXaS751qaQ"
"Staples Print & Marketing Services", "store,point_of_interest,establishment","Cambridge","Massachusetts","57 John F. Kennedy Street, Cambridge","+1 617-528-5468","https://printingservices.staples.com/us/ma/cambridge/57-jfk-st?cmpid=st_ll_goo&cid=LS:RETAIL:G","ChIJRdn0Vl1344kRJSmBh2W7lZE"
"Staples Print & Marketing Services", "store,point_of_interest,establishment","Somerville","Massachusetts","165 Middlesex Avenue, Somerville","+1 617-616-1113","https://printingservices.staples.com/us/ma/somerville/165-middlesex-ave-?cmpid=st_ll_goo&cid=LS:RETAIL:G","ChIJWXgYvCdx44kRTF-cn_cWXok"
"Sir Speedy Printing & Copying", "store,point_of_interest,establishment","Boston","Massachusetts","827 Boylston Street, Boston","+1 617-267-9711","http://sir-speedy.net/","ChIJu0E8rQ9644kRWwZocQUrnWI"
"Sir Speedy", "store,point_of_interest,establishment","Boston","Massachusetts","98 North Washington Street, Boston","+1 617-523-7656","http://www.sirspeedybostonmass.com/","ChIJUyfCio5w44kRQX_CWN74Rug"
"AlphaGraphics Boston", "store,point_of_interest,establishment","Boston","Massachusetts","74 Canal Street, Boston","+1 617-742-9585","http://www.alphagraphics.com/centers/boston-massachusetts-us541/","ChIJj1PLsY9w44kR-qDc-b4htoE"
"Allegra Design Print Mail", "store,point_of_interest,establishment","Boston","Massachusetts","8 Faneuil Hall Marketplace, 3rd Floor, Boston","+1 617-742-7900","http://www.allegraboston.com/?utm_source=google&utm_medium=local&utm_campaign=google-local-176","ChIJ6YSTIoZw44kRsfzva15lXcw"
"Under Armour Brand House", "clothing_store,shoe_store,store,point_of_interest,establishment","Boston","Massachusetts","800 Boylston Street #049, Boston","+1 617-236-1723","http://store-locations.underarmour.com/ma/boston/UABH-800BSS049B/","ChIJ0VP3TA5644kR0laABozl5n8"
"Marimekko Boston", "clothing_store,home_goods_store,store,point_of_interest,establishment","Boston","Massachusetts","140 Newbury Street, Boston","+1 617-247-2500","http://us.marimekko.com/","ChIJU0j-hgt644kRREN3H9fQRME"
"Signarama Cambridge", "home_goods_store,store,point_of_interest,establishment","Somerville","Massachusetts","11 Blakeley Avenue #2, Somerville","+1 617-492-3324","http://www.signarama-cambridge.com/","ChIJzaC_XLxw44kRQI3NK6vIGDo"
"Boston Business Printing", "store,point_of_interest,establishment","Boston","Massachusetts","115 Broad Street, Boston","+1 617-482-7955","http://bostonbusinessprinting.com/","ChIJXRWKIodw44kRsb3DBPqT_qg"
"Potter's Printing", "store,point_of_interest,establishment","Cambridge","Massachusetts","56 Creighton Street, Cambridge","+1 617-547-5700","http://www.cambridgeoffset.com/","ChIJ8f2fUhZ344kRoTPWxG0ZVJ8"
"Charlotte Russe", "shoe_store,jewelry_store,clothing_store,store,point_of_interest,establishment","Cambridge","Massachusetts","100 Cambridgeside Place, Cambridge","+1 617-225-2680","http://www.charlotterusse.com/on/demandware.store/Sites-charlotte-russe-Site/default/Stores-Details?StoreID=576","ChIJn9mkAb1w44kRIGoaqHsa6f8"
"Charlotte Russe", "shoe_store,jewelry_store,clothing_store,store,point_of_interest,establishment","Somerville","Massachusetts","1 Assembly Square Drive, Somerville","+1 617-628-0146","http://www.charlotterusse.com/on/demandware.store/Sites-charlotte-russe-Site/default/Stores-Details?StoreID=725","ChIJ7dU67Nhw44kRRw8rrCsRfH0"
"One Off Apparel", "clothing_store,store,point_of_interest,establishment","Boston","Massachusetts","221 Newbury Street, Boston","+1 857-250-4066","http://www.oneoffapparel.com/","ChIJLzLQ7g5644kRqsyKL_Q6fJI"
"Bayside Custom Embroidery", "store,point_of_interest,establishment","Boston","Massachusetts","840 Summer Street, Boston","+1 617-268-7100","http://www.bayside-embroidery.com/","ChIJ6c53YZB644kRAyYvr9bQ6Gs"
"AB Printing Technologies", "store,point_of_interest,establishment","Charlestown","MA","50 Terminal St, Charlestown","+1 617-742-0250","http://www.abprintings.com/","ChIJx1Bhwvpw44kRswpyT_QTf_o"
"Allegra Print & Imaging", "store,point_of_interest,establishment","Boston","Massachusetts","23 Drydock Ave # 3, Boston","+1 617-742-7900","http://www.allegraboston.com/","ChIJU8l1nZ5644kRAJIwZU0zCC8"
"Sofistech Inc", "store,point_of_interest,establishment","Revere","Massachusetts","121 Broadway, Revere","+1 781-629-1176","http://sofistech.com/","ChIJwc9HcOVx44kR_U_hPgTFTCo"
"Staples Print & Marketing Services", "store,point_of_interest,establishment","Boston","Massachusetts","1660 Soldiers Field Road, Brighton","+1 617-987-6976","https://printingservices.staples.com/us/ma/brighton/1660-soldiers-field-rd?cmpid=st_ll_goo&cid=LS:RETAIL:G","ChIJUz-11jF444kRiyzNn0928s4"
"Staples Print & Marketing Services", "store,point_of_interest,establishment","Cambridge","Massachusetts","186 Alewife Brook Parkway, Cambridge","+1 617-528-5482","https://printingservices.staples.com/us/ma/cambridge/186-alewife-brook-pkwy?cmpid=st_ll_goo&cid=LS:RETAIL:G","ChIJDywMRwl344kRjfl375sQJQs"
"Beantown Athletics", "clothing_store,store,point_of_interest,establishment","Boston","Massachusetts","132 Granite Avenue, Dorchester Center","+1 617-282-4181","http://beantownathletics.com/","ChIJKWDOFIF744kRNWxR9Be6_5w"
"College Hype Custom Screenprint Embroidery & Promotional Products", "store,point_of_interest,establishment","Boston","Massachusetts","540 Gallivan Boulevard, Boston","+1 617-282-8883","http://collegehype.com/","ChIJKQTrdIN744kRom-ydjRbGv4"
"Staples Print & Marketing Services", "store,point_of_interest,establishment","Boston","Massachusetts","757 Gallivan Boulevard, Dorchester","+1 617-514-5194","https://printingservices.staples.com/us/ma/dorchester/757-gallivan-blvd?cmpid=st_ll_goo&cid=LS:RETAIL:G","ChIJZekyWnd744kR1aiArVbIBl0"
"Rainbow", "shoe_store,clothing_store,store,point_of_interest,establishment","Boston","Massachusetts","735 William T Morrissey Boulevard, Dorchester","+1 617-265-7961","http://www.rainbowshops.com/","ChIJa8-_igp744kRxOs16DmVwhY"
"Printmaster", "clothing_store,store,point_of_interest,establishment","Quincy","Massachusetts","555 Hancock Street, Quincy","+1 617-773-1813","http://printmasteronline.com/","ChIJHel-q1h744kRJFarEaCkZxY"
"Staples", "electronics_store,furniture_store,home_goods_store,store,point_of_interest,establishment","Boston","Massachusetts","757 Gallivan Boulevard, Dorchester","+1 617-436-0770","http://storelocator.staples.com/stores/en_US/MA/Dorchester/0295?cmpid=st_ll_goo&cid=LS:RETAIL:G","ChIJz-MNQXd744kRC_3oSa9Z5DI"
"Staples", "electronics_store,furniture_store,home_goods_store,store,point_of_interest,establishment","Boston","Massachusetts","1 Washington Street, Boston","+1 617-248-8975","http://storelocator.staples.com/stores/en_US/MA/Boston/0063?cmpid=st_ll_goo&cid=LS:RETAIL:G","ChIJnzFsWIJw44kRTfYzpjBs4JI"
"Staples Print & Marketing Services", "store,point_of_interest,establishment","Needham","Massachusetts","163 Highland Avenue, Needham","+1 781-707-9927","https://printingservices.staples.com/us/ma/needham/163-highland-ave?cmpid=st_ll_goo&cid=LS:RETAIL:G","ChIJXYpu5CCC44kRC4BUIkSguOI"
"Staples", "electronics_store,furniture_store,home_goods_store,store,point_of_interest,establishment","Needham","Massachusetts","163 Highland Avenue, Needham","+1 781-449-5766","http://storelocator.staples.com/stores/en_US/MA/Needham/0200?cmpid=st_ll_goo&cid=LS:RETAIL:G","ChIJtZF0kiCC44kRZ9q2oQYHn1U"
"FASTSIGNS", "store,point_of_interest,establishment","Needham","Massachusetts","11 B Second Ave, Needham","+1 781-444-4889","http://www.fastsigns.com/boston-ma/310-needham?utm_source=google&utm_medium=local&utm_campaign=localmaps&utm_content=310","ChIJBab6tyGC44kRgqVyqFGQLKo"
"EmbroidMe-Newton", "clothing_store,store,point_of_interest,establishment","Newton","Massachusetts","313 Washington Street, Newton","+1 617-795-1888","http://www.embroidme-newton.com/","ChIJkTRzfQt444kR5sehM_4dhMk"
"AlphaGraphics", "store,point_of_interest,establishment","Watertown","Massachusetts","376 Arsenal Street, Watertown","+1 617-924-4091","http://www.alphagraphics.com/centers/watertown-massachusetts-us689/","ChIJX6D8qyN444kRhmO2lNDFUxs"
"Charlotte Russe", "shoe_store,jewelry_store,clothing_store,store,point_of_interest,establishment","Watertown","Massachusetts","485 Arsenal Street, Watertown","+1 617-924-1117","http://www.charlotterusse.com/on/demandware.store/Sites-charlotte-russe-Site/default/Stores-Details?StoreID=727","ChIJBWIOZSV444kRLd6KAzOnMGw"
"Lubin's Awards & Promotional Products", "store,point_of_interest,establishment","Newton","Massachusetts","217 California Street, Newton","+1 617-244-4491","http://www.lubins.com/","ChIJQY03o6OC44kRePIieA5wp8Y"
"RC Silk", "clothing_store,store,point_of_interest,establishment","Boston","Massachusetts","200 Terminal Street, Charlestown","+1 617-241-9880","http://www.rcsilk.com/","ChIJe1Z8ofhw44kRv38GH4Xzfyc"
"Staples", "electronics_store,furniture_store,home_goods_store,store,point_of_interest,establishment","Revere","Massachusetts","151 Vfw Parkway, Revere","+1 781-289-8950","http://storelocator.staples.com/stores/en_US/MA/Revere/0394?cmpid=st_ll_goo&cid=LS:RETAIL:G","ChIJR0oPFARu44kRpAAn2KkQZyA"
"Waltham Embroidery & Screen", "clothing_store,store,point_of_interest,establishment","Waltham","Massachusetts","561 Moody Street, Waltham","+1 781-893-0239","http://www.wesprinting.com/","ChIJJU2UDt-C44kRA5D0plHDcH8"
"Staples Print & Marketing Services", "store,point_of_interest,establishment","Waltham","Massachusetts","800 Lexington Street, Waltham","+1 781-530-3498","https://printingservices.staples.com/us/ma/waltham/800-lexington-st?cmpid=st_ll_goo&cid=LS:RETAIL:G","ChIJUy8EPB-d44kR32RnP0S7L9A"
"FASTSIGNS", "store,point_of_interest,establishment","Waltham","Massachusetts","922 Main Street, Waltham","+1 781-642-7446","http://www.fastsigns.com/boston-ma/401-waltham?utm_source=google&utm_medium=local&utm_campaign=localmaps&utm_content=401","ChIJOxl8ci-D44kREA-RfghWc70"
"Staples", "electronics_store,furniture_store,home_goods_store,store,point_of_interest,establishment","Waltham","Massachusetts","800 Lexington Street, Waltham","+1 781-899-4943","http://storelocator.staples.com/stores/en_US/MA/Waltham/0036?cmpid=st_ll_goo&cid=LS:RETAIL:G","ChIJ1TPvSh-d44kRIJ4xwkY7rM8"
"Minuteman Press", "store,point_of_interest,establishment","Newton","Massachusetts","1383 Washington Street, West Newton","+1 617-244-7001","http://mmpnewton.com/","ChIJ7eaaGPqC44kRIdtqdMgqMBY"
"Minuteman Press", "store,point_of_interest,establishment","Waltham","Massachusetts","713 Main Street, Waltham","+1 781-899-3180","http://www.colorconnection.com/","ChIJqZRFNtaC44kRuUSz5LISMSg"
"Screen Play", "store,point_of_interest,establishment","Newton","Massachusetts","72 Allen Avenue, Waban","+1 617-558-1002","http://www.screenplay1.com/","ChIJM3OJ2UOC44kRPf59KyGzUXE"
"Staples", "electronics_store,furniture_store,home_goods_store,store,point_of_interest,establishment","Cambridge","Massachusetts","186 Alewife Brook Parkway, Cambridge","+1 617-547-3948","http://storelocator.staples.com/stores/en_US/MA/Cambridge/0183?cmpid=st_ll_goo&cid=LS:RETAIL:G","ChIJbak5QAl344kR4DWa5fXoNb0"
"Staples", "electronics_store,furniture_store,home_goods_store,store,point_of_interest,establishment","Boston","Massachusetts","1660 Soldiers Field Road, Brighton","+1 617-254-4822","http://storelocator.staples.com/stores/en_US/MA/Brighton/0001?cmpid=st_ll_goo&cid=LS:RETAIL:G","ChIJkxDvLi5444kRRhzyXPOEnlg"
"CHILLYBEARS", "clothing_store,store,point_of_interest,establishment","Needham","Massachusetts","6 Brook Road, Needham","+1 781-455-6321","http://chillybears.com/","ChIJh6v4TieC44kRRGxzOOKH3kQ"
"Jos. A. Bank", "shoe_store,clothing_store,store,point_of_interest,establishment","Wellesley","Massachusetts","165 Linden St B2, Wellesley","+1 781-416-5236","http://www.josbank.com/store-locator?utm_source=google&utm_medium=listing&utm_content=797&utm_campaign=MA","ChIJBRPSNbSG44kR0TsIUHQDX0s"
"Susi Art", "art_gallery,clothing_store,store,point_of_interest,establishment","Braintree","Massachusetts","78 Quincy Avenue, Braintree","+1 781-817-6561","http://www.susiart.com/","ChIJvbGKDB1j44kR20tr9ps-HHM"
"Staples Print & Marketing Services", "store,point_of_interest,establishment","Braintree","Massachusetts","500 Grossman Drive, Braintree","+1 781-817-8870","https://printingservices.staples.com/us/ma/braintree/500-grossman-drive?cmpid=st_ll_goo&cid=LS:RETAIL:G","ChIJ5Uoo-Mxi44kRGGvnw6KyqaU"
"Charlotte Russe", "shoe_store,jewelry_store,clothing_store,store,point_of_interest,establishment","Braintree","Massachusetts","250 Granite St, Braintree","+1 781-380-0718","http://www.charlotterusse.com/on/demandware.store/Sites-charlotte-russe-Site/default/Stores-Details?StoreID=451","ChIJnd0U_D1944kRVZxC3Wn4Q7U"
"Frame It / Waban Gallery", "art_gallery,electronics_store,home_goods_store,store,point_of_interest,establishment","Newton","Massachusetts","1645 Beacon Street, Waban","+1 617-964-2161","http://www.frameitwabanstore.com/","ChIJl900rUmC44kRzGk3w8rpvjE"
"Hot Market Design", "store,point_of_interest,establishment","Braintree","Massachusetts","2 Garden Park #209, Braintree","+1 781-848-7700","http://www.hotmarketdesign.com/","ChIJpwqZp1R944kR_771aKR_-Lg"
"Staples", "electronics_store,furniture_store,home_goods_store,store,point_of_interest,establishment","Braintree","Massachusetts","500 Grossman Drive, Braintree","+1 781-794-2951","http://storelocator.staples.com/stores/en_US/MA/Braintree/1850?cmpid=st_ll_goo&cid=LS:RETAIL:G","ChIJFbsWVspi44kRyxrNba29W7s"
"Staples", "electronics_store,furniture_store,home_goods_store,store,point_of_interest,establishment","Boston","Massachusetts","Landmark Center, 401 Park Drive, Boston","+1 617-638-3292","http://storelocator.staples.com/stores/en_US/MA/Boston/0083?cmpid=st_ll_goo&cid=LS:RETAIL:G","ChIJD1pVc_R544kRo7lQwRrqnQw"
"Pop Tops Sportswear", "clothing_store,store,point_of_interest,establishment","Easton","Massachusetts","10 Plymouth Drive, South Easton","+1 508-580-2580","http://www.poptopssportswear.com/","ChIJCQjbzl6P5IkRGjo8aRaKS2c"
"Staples Print & Marketing Services", "store,point_of_interest,establishment","Brockton","Massachusetts","599 Belmont Street, Brockton","+1 508-513-1474","https://printingservices.staples.com/us/ma/brockton/599-belmont-st-?cmpid=st_ll_goo&cid=LS:RETAIL:G","ChIJf-Q1rwiF5IkRVBGyNC3L_ME"
"Staples", "electronics_store,furniture_store,home_goods_store,store,point_of_interest,establishment","Brockton","Massachusetts","599 Belmont Street, Brockton","+1 508-587-7793","http://storelocator.staples.com/stores/en_US/MA/Brockton/1133?cmpid=st_ll_goo&cid=LS:RETAIL:G","ChIJC_umzQiF5IkRDFPPZhWOBds"
"Wholesale Digital Print www.wholesaledigitalprint.com", "store,point_of_interest,establishment","Brockton","Massachusetts","120 Commercial Street, Brockton","+1 617-301-8351","http://www.wholesaledigitalprint.com/","ChIJkwDu6dmE5IkRLNMLC9ak_9M"
"South Shore Custom Prints", "store,point_of_interest,establishment","Pembroke","Massachusetts","85 Mattakeesett Street, Pembroke","+1 781-293-8300","http://www.sscustomprints.com/","ChIJZe_CaaGY5IkRYhmoZDISPEQ"
"Staples Print & Marketing Services", "store,point_of_interest,establishment","Pembroke","Massachusetts","125 Church Street #170, Pembroke","+1 508-513-1474","https://printingservices.staples.com/us/ma/pembroke/125-church-st?cmpid=st_ll_goo&cid=LS:RETAIL:G","ChIJD-uJcq-h5IkR328RdGRyq6c"
"Staples", "electronics_store,furniture_store,home_goods_store,store,point_of_interest,establishment","Pembroke","Massachusetts","125 Church Street #170, Pembroke","+1 781-826-5842","http://storelocator.staples.com/stores/en_US/MA/Pembroke/1660?cmpid=st_ll_goo&cid=LS:RETAIL:G","ChIJGTqPj66h5IkRuJaRu2Y8jr0"
"PrintHero.com", "clothing_store,store,point_of_interest,establishment","Plymouth","Massachusetts","Long Pond Road, Plymouth","+1 484-857-2702","http://www.printhero.com/","ChIJJRBKHGm35IkRNOSkRKW8cuA"
"BEYOND GRAPHICS LLC", "clothing_store,store,point_of_interest,establishment","Abington","Massachusetts","1410 Bedford Street, Abington","+1 781-753-6645","http://www.beyondgraphicsllc.com/","ChIJs1I0llmc5IkRyznZFbrP4kg"
"ABC Specialtees", "point_of_interest,establishment","Whitman","Massachusetts","525 Washington Street, Whitman","+1 781-447-1532","http://www.abcspecialtees.com/","ChIJNbfrqb6b5IkRqeQRS2YmJws"
"Staples Print & Marketing Services", "store,point_of_interest,establishment","Falmouth","Massachusetts","7 Davis Straits, Falmouth","+1 774-255-6021","https://printingservices.staples.com/us/ma/falmouth/7-davis-straits-road?cmpid=st_ll_goo&cid=LS:RETAIL:G","ChIJ8-XJqXLX5IkRXB01_GpuJ-s"
"Staples", "electronics_store,furniture_store,home_goods_store,store,point_of_interest,establishment","Falmouth","Massachusetts","7 Davis Straits, Falmouth","+1 508-495-0800","http://storelocator.staples.com/stores/en_US/MA/Falmouth/0837?cmpid=st_ll_goo&cid=LS:RETAIL:G","ChIJf_PAnXLX5IkRO8XHUelazdw"
"Heritage Print Solutions", "point_of_interest,establishment","Sandwich","Massachusetts","335 Cotuit Road #3, Sandwich","+1 508-888-2111","http://heritageprintsolutions.com/","ChIJM0aAqYDL5IkR58SJBysdYWY"
"Staples", "electronics_store,furniture_store,home_goods_store,store,point_of_interest,establishment","Wareham","Massachusetts","2421 Cranberry Highway #2, Wareham","+1 508-273-0414","http://storelocator.staples.com/stores/en_US/MA/Wareham/1275?cmpid=st_ll_goo&cid=LS:RETAIL:G","ChIJZTnIOGrB5IkRxySPv9Qynj8"
"Staples Print & Marketing Services", "store,point_of_interest,establishment","Barnstable","Massachusetts","364 Barnstable Road, Hyannis","+1 508-827-3975","https://printingservices.staples.com/us/ma/hyannis/364-barnstable-road?cmpid=st_ll_goo&cid=LS:RETAIL:G","ChIJWwykX-Aw-4kRY3kk5_F6GpI"
"Minuteman Press", "store,point_of_interest,establishment","Barnstable","Massachusetts","223 Barnstable Road, Hyannis","+1 508-771-8800","http://www.hyannis-ma.minutemanpress.com/","ChIJx5UveuEw-4kRQr1nvEllDzM"
"Staples", "electronics_store,furniture_store,home_goods_store,store,point_of_interest,establishment","Barnstable","Massachusetts","364 Barnstable Road, Hyannis","+1 508-771-4950","http://storelocator.staples.com/stores/en_US/MA/Hyannis/0154?cmpid=st_ll_goo&cid=LS:RETAIL:G","ChIJZ0fdXeAw-4kRSv4C_ydQcAA"
"Minuteman Press", "store,point_of_interest,establishment","Barnstable","Massachusetts","1694 Falmouth Road, Centerville","+1 508-775-9890","http://minutemanpresscapecod.com/","ChIJuanLac0z-4kR-KPZcDRCWEA"
"Advanced Embroidery", "store,point_of_interest,establishment","Barnstable","Massachusetts","38 Plant Road, Hyannis","+1 508-778-6516","http://www.advancedembroidery.biz/","ChIJzcyPJSQx-4kRyQ4KC8RH1A0"
"Hot Topic", "clothing_store,store,point_of_interest,establishment","Barnstable","Massachusetts","Old Route 132 Street #S-135, Hyannis","+1 508-790-9310","http://www.hottopic.com/store-details?StoreID=0430","ChIJcTKwxiMx-4kRkYueMNxmlHM"
"Jos. A. Bank", "shoe_store,clothing_store,store,point_of_interest,establishment","Mashpee","Massachusetts","21 Steeple Street, Bldg 11-B, Suite 102, Mashpee","+1 508-477-7932","http://www.josbank.com/store-locator?utm_source=google&utm_medium=listing&utm_content=837&utm_campaign=MA","ChIJQ7T-xETS5IkRiZGQOrr1xPE"
"Cape Cod Embroidery", "store,point_of_interest,establishment","Harwich","Massachusetts","129 Queen Anne Road, Harwich","+1 508-430-7870","http://www.capecodembroidery.net/","ChIJm2IEBgY_-4kRfe9Mf6M7S08"
"Staples Print & Marketing Services", "store,point_of_interest,establishment","Orleans","Massachusetts","136 Massachusetts 6A, Orleans","+1 774-801-6101","https://printingservices.staples.com/us/ma/orleans/136-route-6a?cmpid=st_ll_goo&cid=LS:RETAIL:G","ChIJ19Dqt31p-4kRhILsEU-Tvrw"
"Staples", "electronics_store,furniture_store,home_goods_store,store,point_of_interest,establishment","Orleans","Massachusetts","136 Route 6A, Orleans","+1 508-240-0425","http://storelocator.staples.com/stores/en_US/MA/Orleans/1116?cmpid=st_ll_goo&cid=LS:RETAIL:G","ChIJa2UzoH1p-4kRwWymtw4_iYg"
"Sir Speedy Print, Signs, Marketing", "store,point_of_interest,establishment","Orleans","Massachusetts","180 Massachusetts 6A, Orleans","+1 508-240-0882","http://www.sirspeedy.com/orleansma650/?utm_source=GoogleMaps&utm_medium=local&utm_campaign=SSI81650","ChIJ0XrWzdVr-4kRpXDmyuiHrwo"
"Birdie Silkscreen - T-Shirts - Pet Portraits", "clothing_store,store,point_of_interest,establishment","Provincetown","Massachusetts","355 Commercial Street, Provincetown","+1 508-487-3338","http://www.birdieptown.com/","ChIJlU5SC3un_IkRyEHeRQSFPFc"
"Signarama South Yarmouth", "home_goods_store,store,point_of_interest,establishment","Yarmouth","Massachusetts","12 Whites Path, South Yarmouth","+1 508-398-9100","http://www.signarama.com/ma-south-yarmouth","ChIJQ9fmCJY5-4kRA407XPaOvSI"
"Charlotte Russe", "shoe_store,jewelry_store,clothing_store,store,point_of_interest,establishment","North Attleborough","Massachusetts","999 South Washington Street, North Attleborough","+1 508-695-0141","http://www.charlotterusse.com/on/demandware.store/Sites-charlotte-russe-Site/default/Stores-Details?StoreID=138","ChIJQ5D8Aoln5IkRaMVgvUKsxpE"
"Lacoste Lee Outlet", "clothing_store,store,point_of_interest,establishment","Lee","Massachusetts","17 Premium Outlet Boulevard b080, Lee","+1 413-243-9015","http://www.lacoste.com/ca/en/homepage","ChIJA-YZXQlD54kR3hKIFZTefCE"
"Minuteman Press", "store,point_of_interest,establishment","Marlborough","Massachusetts","160 Main Street, Marlborough","+1 508-481-0966","http://www.marlboro.minutemanpress.com/","ChIJTxIKhTeL44kRLjnPkT50xBM"
"Superior Printing & Promotions", "clothing_store,store,point_of_interest,establishment","Medford","Massachusetts","407R Mystic Avenue # 34A, Medford","+1 781-391-9090","http://superiorpromo.net/","ChIJ7xvhk9R244kROXMg2Sbp4vw"
"Staples", "electronics_store,furniture_store,home_goods_store,store,point_of_interest,establishment","Somerville","Massachusetts","165 Middlesex Avenue, Somerville","+1 617-623-7980","http://storelocator.staples.com/stores/en_US/MA/Somerville/1715?cmpid=st_ll_goo&cid=LS:RETAIL:G","ChIJSfuhjSdx44kRsElMJuXQLa4"
"Watertown Sportswear", "clothing_store,store,point_of_interest,establishment","Watertown","Massachusetts","34 Mount Auburn Street, Watertown","+1 617-924-1840","http://www.watertownsportswear.com/","ChIJv9cECAV444kRR7uHFo4Y0mc"
"Kendall Press", "store,point_of_interest,establishment","Cambridge","Massachusetts","1 Main Street #105, Cambridge","+1 617-354-2584","http://www.kendall-press.com/","ChIJ7xh5c6Rw44kRfWBAh61C_Sk"
"Staples Print & Marketing Services", "store,point_of_interest,establishment","Attleboro","Massachusetts","287 Washington Street #6, Attleboro","+1 774-282-6107","https://printingservices.staples.com/us/ma/s.-attleboro/287-washington-street?cmpid=st_ll_goo&cid=LS:RETAIL:G","ChIJtRlkDD5d5IkRaY7WQZ_FWcs"
"Staples", "electronics_store,furniture_store,home_goods_store,store,point_of_interest,establishment","Attleboro","Massachusetts","287 Washington Street #6, Attleboro","+1 508-761-5900","http://storelocator.staples.com/stores/en_US/MA/S--Attleboro/0341?cmpid=st_ll_goo&cid=LS:RETAIL:G","ChIJH-ouWpd_44kRrYKsM8Y2O54"
"Corporate Image Apparel Inc", "clothing_store,store,point_of_interest,establishment","Fall River","Massachusetts","596 Airport Road, Fall River","+1 508-676-3099","http://www.ciainc.com/","ChIJiUIareH55IkR5iHk6mWUgaY"
"Scrimshaw Screen Printing", "clothing_store,store,point_of_interest,establishment","New Bedford","Massachusetts","419 Sawyer Street, New Bedford","+1 508-617-7498","http://www.scrimshawscreenprinting.com/","ChIJyb4GfWvk5IkR0zmEg1IxbIY"
"Diversified Marketing Group", "clothing_store,store,point_of_interest,establishment","Dartmouth","Massachusetts","13 Russells Mills Road # A, South Dartmouth","+1 508-992-6900","http://diversifiedmarketinggroup.net/","ChIJTXrEP7Lj5IkR3MTnI2lUL1Y"
"Staples Print & Marketing Services", "store,point_of_interest,establishment","Fairhaven","Massachusetts","17 Plaza Way, Fairhaven","+1 508-207-4756","https://printingservices.staples.com/us/ma/fairhaven/17-plaza-way?cmpid=st_ll_goo&cid=LS:RETAIL:G","ChIJ2-5Cfbbm5IkR1krs53_s22g"
"Staples", "electronics_store,furniture_store,home_goods_store,store,point_of_interest,establishment","Fairhaven","Massachusetts","(Rt. 6), 17 Plaza Way, Fairhaven","+1 508-997-5103","http://storelocator.staples.com/stores/en_US/MA/Fairhaven/0728?cmpid=st_ll_goo&cid=LS:RETAIL:G","ChIJU5F-1arm5IkRAo-Yt2dtxlI"
"AlphaGraphics New Bedford", "store,point_of_interest,establishment","New Bedford","Massachusetts","827 Rockdale Avenue, New Bedford","+1 508-991-2121","http://www.alphagraphics.com/centers/new-bedford-massachusetts-us183/","ChIJzzJsXIPj5IkRimy7v1QZOJ4"
"Corner Sports Store", "store,point_of_interest,establishment","New Bedford","Massachusetts","319 Hathaway Boulevard, New Bedford","+1 508-992-0110","http://www.newbedfordcornersports.com/","ChIJiR-50H7k5IkRnyY8ZULE1g8"
"Cambridge Offset Printing", "clothing_store,store,point_of_interest,establishment","Fall River","Massachusetts","822 Eastern Avenue, Fall River","+1 508-439-6025","http://www.cambridgeoffset.com/","ChIJkyD-UC755IkR076y5y4sjcw"
"iDesign Apparel", "clothing_store,store,point_of_interest,establishment","Somerset","Massachusetts","1065 County Street, Somerset","+1 508-676-6144","http://idesignapparel.com/","ChIJGdnWi-n45IkRf2PDugTMdp0"
"Minuteman Press", "store,point_of_interest,establishment","Fall River","Massachusetts","435 Columbia Street, Fall River","+1 508-673-1407","http://www.fallriver.minutemanpress.com/","ChIJw1T98ML45IkR3niNYC_GTiE"
"College Promo", "store,point_of_interest,establishment","Fall River","Massachusetts","1 Ace Street, Fall River","+1 800-931-4697","http://www.collegepromo.com/","ChIJgaWFTtSC5IkR6RyZkp5Yc1g"
"Staples Print & Marketing Services", "store,point_of_interest,establishment","Fall River","Massachusetts","416 William S Canning Boulevard, Fall River","+1 508-689-1319","https://printingservices.staples.com/us/ma/fall-river/416-william-s--canning-blvd-?cmpid=st_ll_goo&cid=LS:RETAIL:G","ChIJt4N7gTD_5IkRH7ko13gfZTM"
"Staples", "electronics_store,furniture_store,home_goods_store,store,point_of_interest,establishment","Fall River","Massachusetts","416 William S Canning Boulevard, Fall River","+1 508-679-4500","http://storelocator.staples.com/stores/en_US/MA/Fall-River/0236?cmpid=st_ll_goo&cid=LS:RETAIL:G","ChIJvYX-6TD_5IkRFetnFG8YyOw"
"Hot Topic", "clothing_store,store,point_of_interest,establishment","Dartmouth","Massachusetts","200 North Dartmouth Mall, North Dartmouth","+1 508-992-0855","http://www.hottopic.com/store-details?StoreID=0600","ChIJ5QIK7k_j5IkR6em93XzGLPE"
"Minuteman Press", "store,point_of_interest,establishment","Dartmouth","Massachusetts","634 State Road, North Dartmouth","+1 508-994-7700","http://www.ndartmouth.minutemanpress.com/","ChIJz3mlG7n85IkRyTJomnDwGgU"
